2026-05-10 00:03:33.338 WARN  [main] o.s.c.s.PostProcessorRegistrationDelegate$BeanPostProcessorChecker - Bean 'jpaConfig' of type [com.adboard.config.JpaConfig$$SpringCGLIB$$0] is not eligible for getting processed by all BeanPostProcessors (for example: not eligible for auto-proxying). The currently created BeanPostProcessor [exceptionTranslation] is declared through a non-static factory method on that class; consider declaring it as static instead.
2026-05-10 00:03:40.494 INFO  [main] c.adboard.controller.AuthController - REST request to register user: user@test.com
2026-05-10 00:03:41.413 INFO  [main] com.adboard.service.AuthService - User registered: id=1, email=user@test.com
2026-05-10 00:03:41.620 INFO  [main] c.adboard.controller.AuthController - REST request to register user: admin@test.com
2026-05-10 00:03:41.910 INFO  [main] com.adboard.service.AuthService - User registered: id=2, email=admin@test.com
2026-05-10 00:03:41.913 INFO  [main] c.adboard.controller.AuthController - REST request to register user: user@test.com
2026-05-10 00:03:41.921 ERROR [main] c.a.exception.GlobalExceptionHandler - Business logic conflict: Email already registered: user@test.com
2026-05-10 00:26:09.314 WARN  [main] o.s.c.s.PostProcessorRegistrationDelegate$BeanPostProcessorChecker - Bean 'jpaConfig' of type [com.adboard.config.JpaConfig$$SpringCGLIB$$0] is not eligible for getting processed by all BeanPostProcessors (for example: not eligible for auto-proxying). The currently created BeanPostProcessor [exceptionTranslation] is declared through a non-static factory method on that class; consider declaring it as static instead.
2026-05-10 00:27:35.941 WARN  [main] o.s.c.s.PostProcessorRegistrationDelegate$BeanPostProcessorChecker - Bean 'jpaConfig' of type [com.adboard.config.JpaConfig$$SpringCGLIB$$0] is not eligible for getting processed by all BeanPostProcessors (for example: not eligible for auto-proxying). The currently created BeanPostProcessor [exceptionTranslation] is declared through a non-static factory method on that class; consider declaring it as static instead.
2026-05-10 00:27:42.777 INFO  [main] c.adboard.controller.AuthController - REST request to register user: admin@test.com
2026-05-10 00:27:43.714 INFO  [main] com.adboard.service.AuthService - User registered: id=1, email=admin@test.com
2026-05-10 00:27:43.984 ERROR [main] c.a.exception.GlobalExceptionHandler - Bad request: City is required
2026-05-10 00:27:43.998 INFO  [main] c.adboard.controller.AuthController - REST request to register user: user@test.com
2026-05-10 00:27:44.265 INFO  [main] com.adboard.service.AuthService - User registered: id=2, email=user@test.com
2026-05-10 00:27:44.279 ERROR [main] c.a.exception.GlobalExceptionHandler - Bad request: City is required
2026-05-10 00:30:26.205 WARN  [main] o.s.c.s.PostProcessorRegistrationDelegate$BeanPostProcessorChecker - Bean 'jpaConfig' of type [com.adboard.config.JpaConfig$$SpringCGLIB$$0] is not eligible for getting processed by all BeanPostProcessors (for example: not eligible for auto-proxying). The currently created BeanPostProcessor [exceptionTranslation] is declared through a non-static factory method on that class; consider declaring it as static instead.
2026-05-10 00:30:31.705 INFO  [main] c.adboard.controller.AuthController - REST request to register user: admin@test.com
2026-05-10 00:30:32.425 INFO  [main] com.adboard.service.AuthService - User registered: id=1, email=admin@test.com
2026-05-10 00:30:32.636 INFO  [main] c.adboard.controller.AuthController - REST request to register user: user@test.com
2026-05-10 00:30:32.898 INFO  [main] com.adboard.service.AuthService - User registered: id=2, email=user@test.com
2026-05-10 00:30:32.901 INFO  [main] c.adboard.controller.AuthController - REST request to register user: user@test.com
2026-05-10 00:30:32.918 ERROR [main] c.a.exception.GlobalExceptionHandler - Business logic conflict: Email already registered: user@test.com
2026-05-10 00:30:32.932 INFO  [main] c.adboard.controller.AuthController - REST request to register user: user@test.com
2026-05-10 00:30:33.186 INFO  [main] com.adboard.service.AuthService - User registered: id=3, email=user@test.com
2026-05-10 00:30:33.200 INFO  [main] c.adboard.controller.AuthController - REST request to register user: fake@test.com
2026-05-10 00:30:33.453 INFO  [main] com.adboard.service.AuthService - User registered: id=4, email=fake@test.com
2026-05-10 00:36:58.112 WARN  [main] o.s.c.s.PostProcessorRegistrationDelegate$BeanPostProcessorChecker - Bean 'jpaConfig' of type [com.adboard.config.JpaConfig$$SpringCGLIB$$0] is not eligible for getting processed by all BeanPostProcessors (for example: not eligible for auto-proxying). The currently created BeanPostProcessor [exceptionTranslation] is declared through a non-static factory method on that class; consider declaring it as static instead.
2026-05-10 00:37:04.926 INFO  [main] c.adboard.controller.AuthController - REST request to register user: admin@test.com
2026-05-10 00:37:05.764 INFO  [main] com.adboard.service.AuthService - User registered: id=1, email=admin@test.com
2026-05-10 00:37:06.023 INFO  [main] c.adboard.controller.AuthController - REST request to register user: user@test.com
2026-05-10 00:37:06.291 INFO  [main] com.adboard.service.AuthService - User registered: id=2, email=user@test.com
2026-05-10 00:37:06.294 INFO  [main] c.adboard.controller.AuthController - REST request to register user: user@test.com
2026-05-10 00:37:06.305 ERROR [main] c.a.exception.GlobalExceptionHandler - Business logic conflict: Email already registered: user@test.com
2026-05-10 00:37:06.321 INFO  [main] c.adboard.controller.AuthController - REST request to register user: user@test.com
2026-05-10 00:37:06.578 INFO  [main] com.adboard.service.AuthService - User registered: id=3, email=user@test.com
2026-05-10 00:37:06.687 INFO  [main] c.adboard.controller.AuthController - REST request to register user: fake@test.com
2026-05-10 00:37:06.692 ERROR [main] c.a.exception.GlobalExceptionHandler - Bad request: Invalid admin secret token
2026-05-10 00:37:35.746 WARN  [main] o.s.c.s.PostProcessorRegistrationDelegate$BeanPostProcessorChecker - Bean 'jpaConfig' of type [com.adboard.config.JpaConfig$$SpringCGLIB$$0] is not eligible for getting processed by all BeanPostProcessors (for example: not eligible for auto-proxying). The currently created BeanPostProcessor [exceptionTranslation] is declared through a non-static factory method on that class; consider declaring it as static instead.
2026-05-10 00:37:42.522 INFO  [main] c.adboard.controller.AuthController - REST request to register user: admin@test.com
2026-05-10 00:37:43.427 INFO  [main] com.adboard.service.AuthService - User registered: id=1, email=admin@test.com
2026-05-10 00:48:13.719 WARN  [main] o.s.c.s.PostProcessorRegistrationDelegate$BeanPostProcessorChecker - Bean 'jpaConfig' of type [com.adboard.config.JpaConfig$$SpringCGLIB$$0] is not eligible for getting processed by all BeanPostProcessors (for example: not eligible for auto-proxying). The currently created BeanPostProcessor [exceptionTranslation] is declared through a non-static factory method on that class; consider declaring it as static instead.
2026-05-10 00:48:19.804 INFO  [main] c.adboard.controller.AuthController - REST request to login: profile@test.com
2026-05-10 00:48:20.954 INFO  [main] com.adboard.service.AuthService - User profile@test.com successfully logged in
2026-05-10 00:48:20.959 INFO  [main] com.adboard.service.UserService - Profile data successfully retrieved for user: profile@test.com
2026-05-10 00:48:21.020 INFO  [main] com.adboard.security.JwtAuthFilter - User profile@test.com successfully authenticated via JWT
2026-05-10 00:48:21.022 INFO  [main] c.adboard.controller.UserController - REST request to get profile for user: profile@test.com
2026-05-10 00:48:21.026 INFO  [main] com.adboard.service.UserService - Profile data successfully retrieved for user: profile@test.com
2026-05-10 00:48:21.297 INFO  [main] c.adboard.controller.AuthController - REST request to login: profile@test.com
2026-05-10 00:48:21.543 INFO  [main] com.adboard.service.AuthService - User profile@test.com successfully logged in
2026-05-10 00:48:21.546 INFO  [main] com.adboard.service.UserService - Profile data successfully retrieved for user: profile@test.com
2026-05-10 00:48:21.550 ERROR [main] c.a.exception.GlobalExceptionHandler - Authentication failed: Full authentication is required to access this resource
2026-05-10 00:48:21.811 INFO  [main] c.adboard.controller.AuthController - REST request to login: profile@test.com
2026-05-10 00:48:22.058 INFO  [main] com.adboard.service.AuthService - User profile@test.com successfully logged in
2026-05-10 00:48:22.061 INFO  [main] com.adboard.service.UserService - Profile data successfully retrieved for user: profile@test.com
2026-05-10 00:48:22.070 INFO  [main] com.adboard.security.JwtAuthFilter - User profile@test.com successfully authenticated via JWT
2026-05-10 00:48:22.076 INFO  [main] c.adboard.controller.UserController - REST request to update profile for user: profile@test.com
2026-05-10 00:48:22.097 ERROR [main] c.a.exception.GlobalExceptionHandler - Internal server error: 
java.lang.UnsupportedOperationException: null
	at java.base/java.util.ImmutableCollections.uoe(ImmutableCollections.java:142)
	at java.base/java.util.ImmutableCollections$AbstractImmutableCollection.clear(ImmutableCollections.java:149)
	at org.hibernate.collection.spi.PersistentSet.clear(PersistentSet.java:292)
	at org.hibernate.type.CollectionType.replaceElements(CollectionType.java:512)
	at org.hibernate.type.CollectionType.replace(CollectionType.java:692)
	at org.hibernate.type.TypeHelper.replace(TypeHelper.java:117)
	at org.hibernate.event.internal.DefaultMergeEventListener.copyValues(DefaultMergeEventListener.java:573)
	at org.hibernate.event.internal.DefaultMergeEventListener.entityIsPersistent(DefaultMergeEventListener.java:279)
	at org.hibernate.event.internal.DefaultMergeEventListener.merge(DefaultMergeEventListener.java:214)
	at org.hibernate.event.internal.DefaultMergeEventListener.doMerge(DefaultMergeEventListener.java:146)
	at org.hibernate.event.internal.DefaultMergeEventListener.onMerge(DefaultMergeEventListener.java:130)
	at org.hibernate.event.internal.DefaultMergeEventListener.onMerge(DefaultMergeEventListener.java:84)
	at org.hibernate.event.service.internal.EventListenerGroupImpl.fireEventOnEachListener(EventListenerGroupImpl.java:127)
	at org.hibernate.internal.SessionImpl.fireMerge(SessionImpl.java:847)
	at org.hibernate.internal.SessionImpl.merge(SessionImpl.java:833)
	at java.base/jdk.internal.reflect.NativeMethodAccessorImpl.invoke0(Native Method)
	at java.base/jdk.internal.reflect.NativeMethodAccessorImpl.invoke(NativeMethodAccessorImpl.java:77)
	at java.base/jdk.internal.reflect.DelegatingMethodAccessorImpl.invoke(DelegatingMethodAccessorImpl.java:43)
	at java.base/java.lang.reflect.Method.invoke(Method.java:569)
	at org.springframework.orm.jpa.SharedEntityManagerCreator$SharedEntityManagerInvocationHandler.invoke(SharedEntityManagerCreator.java:319)
	at jdk.proxy2/jdk.proxy2.$Proxy147.merge(Unknown Source)
	at com.adboard.repository.impl.UserRepositoryImpl.save(UserRepositoryImpl.java:60)
	at java.base/jdk.internal.reflect.NativeMethodAccessorImpl.invoke0(Native Method)
	at java.base/jdk.internal.reflect.NativeMethodAccessorImpl.invoke(NativeMethodAccessorImpl.java:77)
	at java.base/jdk.internal.reflect.DelegatingMethodAccessorImpl.invoke(DelegatingMethodAccessorImpl.java:43)
	at java.base/java.lang.reflect.Method.invoke(Method.java:569)
	at org.springframework.aop.support.AopUtils.invokeJoinpointUsingReflection(AopUtils.java:351)
	at org.springframework.aop.framework.ReflectiveMethodInvocation.invokeJoinpoint(ReflectiveMethodInvocation.java:196)
	at org.springframework.aop.framework.ReflectiveMethodInvocation.proceed(ReflectiveMethodInvocation.java:163)
	at org.springframework.dao.support.PersistenceExceptionTranslationInterceptor.invoke(PersistenceExceptionTranslationInterceptor.java:137)
	at org.springframework.aop.framework.ReflectiveMethodInvocation.proceed(ReflectiveMethodInvocation.java:184)
	at org.springframework.aop.framework.JdkDynamicAopProxy.invoke(JdkDynamicAopProxy.java:220)
	at jdk.proxy2/jdk.proxy2.$Proxy148.save(Unknown Source)
	at com.adboard.service.UserService.updateMyProfile(UserService.java:45)
	at java.base/jdk.internal.reflect.NativeMethodAccessorImpl.invoke0(Native Method)
	at java.base/jdk.internal.reflect.NativeMethodAccessorImpl.invoke(NativeMethodAccessorImpl.java:77)
	at java.base/jdk.internal.reflect.DelegatingMethodAccessorImpl.invoke(DelegatingMethodAccessorImpl.java:43)
	at java.base/java.lang.reflect.Method.invoke(Method.java:569)
	at org.springframework.aop.support.AopUtils.invokeJoinpointUsingReflection(AopUtils.java:351)
	at org.springframework.aop.framework.ReflectiveMethodInvocation.invokeJoinpoint(ReflectiveMethodInvocation.java:196)
	at org.springframework.aop.framework.ReflectiveMethodInvocation.proceed(ReflectiveMethodInvocation.java:163)
	at org.springframework.aop.framework.CglibAopProxy$CglibMethodInvocation.proceed(CglibAopProxy.java:765)
	at org.springframework.transaction.interceptor.TransactionInterceptor$1.proceedWithInvocation(TransactionInterceptor.java:123)
	at org.springframework.transaction.interceptor.TransactionAspectSupport.invokeWithinTransaction(TransactionAspectSupport.java:392)
	at org.springframework.transaction.interceptor.TransactionInterceptor.invoke(TransactionInterceptor.java:119)
	at org.springframework.aop.framework.ReflectiveMethodInvocation.proceed(ReflectiveMethodInvocation.java:184)
	at org.springframework.aop.framework.CglibAopProxy$CglibMethodInvocation.proceed(CglibAopProxy.java:765)
	at org.springframework.aop.framework.CglibAopProxy$DynamicAdvisedInterceptor.intercept(CglibAopProxy.java:717)
	at com.adboard.service.UserService$$SpringCGLIB$$0.updateMyProfile(<generated>)
	at com.adboard.controller.UserController.updateMyProfile(UserController.java:42)
	at java.base/jdk.internal.reflect.NativeMethodAccessorImpl.invoke0(Native Method)
	at java.base/jdk.internal.reflect.NativeMethodAccessorImpl.invoke(NativeMethodAccessorImpl.java:77)
	at java.base/jdk.internal.reflect.DelegatingMethodAccessorImpl.invoke(DelegatingMethodAccessorImpl.java:43)
	at java.base/java.lang.reflect.Method.invoke(Method.java:569)
	at org.springframework.web.method.support.InvocableHandlerMethod.doInvoke(InvocableHandlerMethod.java:255)
	at org.springframework.web.method.support.InvocableHandlerMethod.invokeForRequest(InvocableHandlerMethod.java:188)
	at org.springframework.web.servlet.mvc.method.annotation.ServletInvocableHandlerMethod.invokeAndHandle(ServletInvocableHandlerMethod.java:118)
	at org.springframework.web.servlet.mvc.method.annotation.RequestMappingHandlerAdapter.invokeHandlerMethod(RequestMappingHandlerAdapter.java:925)
	at org.springframework.web.servlet.mvc.method.annotation.RequestMappingHandlerAdapter.handleInternal(RequestMappingHandlerAdapter.java:830)
	at org.springframework.web.servlet.mvc.method.AbstractHandlerMethodAdapter.handle(AbstractHandlerMethodAdapter.java:87)
	at org.springframework.web.servlet.DispatcherServlet.doDispatch(DispatcherServlet.java:1089)
	at org.springframework.web.servlet.DispatcherServlet.doService(DispatcherServlet.java:979)
	at org.springframework.web.servlet.FrameworkServlet.processRequest(FrameworkServlet.java:1014)
	at org.springframework.web.servlet.FrameworkServlet.doPut(FrameworkServlet.java:925)
	at jakarta.servlet.http.HttpServlet.service(HttpServlet.java:550)
	at org.springframework.web.servlet.FrameworkServlet.service(FrameworkServlet.java:885)
	at org.springframework.test.web.servlet.TestDispatcherServlet.service(TestDispatcherServlet.java:72)
	at jakarta.servlet.http.HttpServlet.service(HttpServlet.java:614)
	at org.springframework.mock.web.MockFilterChain$ServletFilterProxy.doFilter(MockFilterChain.java:165)
	at org.springframework.mock.web.MockFilterChain.doFilter(MockFilterChain.java:132)
	at org.springframework.web.filter.CompositeFilter$VirtualFilterChain.doFilter(CompositeFilter.java:108)
	at org.springframework.security.web.FilterChainProxy.lambda$doFilterInternal$3(FilterChainProxy.java:231)
	at org.springframework.security.web.FilterChainProxy$VirtualFilterChain.doFilter(FilterChainProxy.java:365)
	at org.springframework.security.web.access.intercept.AuthorizationFilter.doFilter(AuthorizationFilter.java:100)
	at org.springframework.security.web.FilterChainProxy$VirtualFilterChain.doFilter(FilterChainProxy.java:374)
	at org.springframework.security.web.access.ExceptionTranslationFilter.doFilter(ExceptionTranslationFilter.java:126)
	at org.springframework.security.web.access.ExceptionTranslationFilter.doFilter(ExceptionTranslationFilter.java:120)
	at org.springframework.security.web.FilterChainProxy$VirtualFilterChain.doFilter(FilterChainProxy.java:374)
	at org.springframework.security.web.session.SessionManagementFilter.doFilter(SessionManagementFilter.java:131)
	at org.springframework.security.web.session.SessionManagementFilter.doFilter(SessionManagementFilter.java:85)
	at org.springframework.security.web.FilterChainProxy$VirtualFilterChain.doFilter(FilterChainProxy.java:374)
	at org.springframework.security.web.authentication.AnonymousAuthenticationFilter.doFilter(AnonymousAuthenticationFilter.java:100)
	at org.springframework.security.web.FilterChainProxy$VirtualFilterChain.doFilter(FilterChainProxy.java:374)
	at org.springframework.security.web.servletapi.SecurityContextHolderAwareRequestFilter.doFilter(SecurityContextHolderAwareRequestFilter.java:179)
	at org.springframework.security.web.FilterChainProxy$VirtualFilterChain.doFilter(FilterChainProxy.java:374)
	at org.springframework.security.web.savedrequest.RequestCacheAwareFilter.doFilter(RequestCacheAwareFilter.java:63)
	at org.springframework.security.web.FilterChainProxy$VirtualFilterChain.doFilter(FilterChainProxy.java:374)
	at com.adboard.security.JwtAuthFilter.doFilterInternal(JwtAuthFilter.java:64)
	at org.springframework.web.filter.OncePerRequestFilter.doFilter(OncePerRequestFilter.java:116)
	at org.springframework.security.web.FilterChainProxy$VirtualFilterChain.doFilter(FilterChainProxy.java:374)
	at org.springframework.security.web.authentication.logout.LogoutFilter.doFilter(LogoutFilter.java:107)
	at org.springframework.security.web.authentication.logout.LogoutFilter.doFilter(LogoutFilter.java:93)
	at org.springframework.security.web.FilterChainProxy$VirtualFilterChain.doFilter(FilterChainProxy.java:374)
	at org.springframework.web.filter.CorsFilter.doFilterInternal(CorsFilter.java:91)
	at org.springframework.web.filter.OncePerRequestFilter.doFilter(OncePerRequestFilter.java:116)
	at org.springframework.security.web.FilterChainProxy$VirtualFilterChain.doFilter(FilterChainProxy.java:374)
	at org.springframework.security.web.header.HeaderWriterFilter.doHeadersAfter(HeaderWriterFilter.java:90)
	at org.springframework.security.web.header.HeaderWriterFilter.doFilterInternal(HeaderWriterFilter.java:75)
	at org.springframework.web.filter.OncePerRequestFilter.doFilter(OncePerRequestFilter.java:116)
	at org.springframework.security.web.FilterChainProxy$VirtualFilterChain.doFilter(FilterChainProxy.java:374)
	at org.springframework.security.web.context.SecurityContextHolderFilter.doFilter(SecurityContextHolderFilter.java:82)
	at org.springframework.security.web.context.SecurityContextHolderFilter.doFilter(SecurityContextHolderFilter.java:69)
	at org.springframework.security.web.FilterChainProxy$VirtualFilterChain.doFilter(FilterChainProxy.java:374)
	at org.springframework.security.web.context.request.async.WebAsyncManagerIntegrationFilter.doFilterInternal(WebAsyncManagerIntegrationFilter.java:62)
	at org.springframework.web.filter.OncePerRequestFilter.doFilter(OncePerRequestFilter.java:116)
	at org.springframework.security.web.FilterChainProxy$VirtualFilterChain.doFilter(FilterChainProxy.java:374)
	at org.springframework.security.web.session.DisableEncodeUrlFilter.doFilterInternal(DisableEncodeUrlFilter.java:42)
	at org.springframework.web.filter.OncePerRequestFilter.doFilter(OncePerRequestFilter.java:116)
	at org.springframework.security.web.FilterChainProxy$VirtualFilterChain.doFilter(FilterChainProxy.java:374)
	at org.springframework.security.web.FilterChainProxy.doFilterInternal(FilterChainProxy.java:233)
	at org.springframework.security.web.FilterChainProxy.doFilter(FilterChainProxy.java:191)
	at org.springframework.web.filter.CompositeFilter$VirtualFilterChain.doFilter(CompositeFilter.java:113)
	at org.springframework.web.servlet.handler.HandlerMappingIntrospector.lambda$createCacheFilter$3(HandlerMappingIntrospector.java:195)
	at org.springframework.web.filter.CompositeFilter$VirtualFilterChain.doFilter(CompositeFilter.java:113)
	at org.springframework.web.filter.CompositeFilter.doFilter(CompositeFilter.java:74)
	at org.springframework.security.config.annotation.web.configuration.WebMvcSecurityConfiguration$CompositeFilterChainProxy.doFilter(WebMvcSecurityConfiguration.java:230)
	at org.springframework.security.test.web.servlet.setup.SecurityMockMvcConfigurer$DelegateFilter.doFilter(SecurityMockMvcConfigurer.java:132)
	at org.springframework.mock.web.MockFilterChain.doFilter(MockFilterChain.java:132)
	at org.springframework.test.web.servlet.MockMvc.perform(MockMvc.java:201)
	at com.adboard.integration.ProfileEditingTest.updateMyProfile_validRequest_updatesFieldsAndReturnsDto(ProfileEditingTest.java:90)
	at java.base/jdk.internal.reflect.NativeMethodAccessorImpl.invoke0(Native Method)
	at java.base/jdk.internal.reflect.NativeMethodAccessorImpl.invoke(NativeMethodAccessorImpl.java:77)
	at java.base/jdk.internal.reflect.DelegatingMethodAccessorImpl.invoke(DelegatingMethodAccessorImpl.java:43)
	at java.base/java.lang.reflect.Method.invoke(Method.java:569)
	at org.junit.platform.commons.util.ReflectionUtils.invokeMethod(ReflectionUtils.java:728)
	at org.junit.jupiter.engine.execution.MethodInvocation.proceed(MethodInvocation.java:60)
	at org.junit.jupiter.engine.execution.InvocationInterceptorChain$ValidatingInvocation.proceed(InvocationInterceptorChain.java:131)
	at org.junit.jupiter.engine.extension.TimeoutExtension.intercept(TimeoutExtension.java:156)
	at org.junit.jupiter.engine.extension.TimeoutExtension.interceptTestableMethod(TimeoutExtension.java:147)
	at org.junit.jupiter.engine.extension.TimeoutExtension.interceptTestMethod(TimeoutExtension.java:86)
	at org.junit.jupiter.engine.execution.InterceptingExecutableInvoker$ReflectiveInterceptorCall.lambda$ofVoidMethod$0(InterceptingExecutableInvoker.java:103)
	at org.junit.jupiter.engine.execution.InterceptingExecutableInvoker.lambda$invoke$0(InterceptingExecutableInvoker.java:93)
	at org.junit.jupiter.engine.execution.InvocationInterceptorChain$InterceptedInvocation.proceed(InvocationInterceptorChain.java:106)
	at org.junit.jupiter.engine.execution.InvocationInterceptorChain.proceed(InvocationInterceptorChain.java:64)
	at org.junit.jupiter.engine.execution.InvocationInterceptorChain.chainAndInvoke(InvocationInterceptorChain.java:45)
	at org.junit.jupiter.engine.execution.InvocationInterceptorChain.invoke(InvocationInterceptorChain.java:37)
	at org.junit.jupiter.engine.execution.InterceptingExecutableInvoker.invoke(InterceptingExecutableInvoker.java:92)
	at org.junit.jupiter.engine.execution.InterceptingExecutableInvoker.invoke(InterceptingExecutableInvoker.java:86)
	at org.junit.jupiter.engine.descriptor.TestMethodTestDescriptor.lambda$invokeTestMethod$7(TestMethodTestDescriptor.java:218)
	at org.junit.platform.engine.support.hierarchical.ThrowableCollector.execute(ThrowableCollector.java:73)
	at org.junit.jupiter.engine.descriptor.TestMethodTestDescriptor.invokeTestMethod(TestMethodTestDescriptor.java:214)
	at org.junit.jupiter.engine.descriptor.TestMethodTestDescriptor.execute(TestMethodTestDescriptor.java:139)
	at org.junit.jupiter.engine.descriptor.TestMethodTestDescriptor.execute(TestMethodTestDescriptor.java:69)
	at org.junit.platform.engine.support.hierarchical.NodeTestTask.lambda$executeRecursively$6(NodeTestTask.java:151)
	at org.junit.platform.engine.support.hierarchical.ThrowableCollector.execute(ThrowableCollector.java:73)
	at org.junit.platform.engine.support.hierarchical.NodeTestTask.lambda$executeRecursively$8(NodeTestTask.java:141)
	at org.junit.platform.engine.support.hierarchical.Node.around(Node.java:137)
	at org.junit.platform.engine.support.hierarchical.NodeTestTask.lambda$executeRecursively$9(NodeTestTask.java:139)
	at org.junit.platform.engine.support.hierarchical.ThrowableCollector.execute(ThrowableCollector.java:73)
	at org.junit.platform.engine.support.hierarchical.NodeTestTask.executeRecursively(NodeTestTask.java:138)
	at org.junit.platform.engine.support.hierarchical.NodeTestTask.execute(NodeTestTask.java:95)
	at java.base/java.util.ArrayList.forEach(ArrayList.java:1511)
	at org.junit.platform.engine.support.hierarchical.SameThreadHierarchicalTestExecutorService.invokeAll(SameThreadHierarchicalTestExecutorService.java:41)
	at org.junit.platform.engine.support.hierarchical.NodeTestTask.lambda$executeRecursively$6(NodeTestTask.java:155)
	at org.junit.platform.engine.support.hierarchical.ThrowableCollector.execute(ThrowableCollector.java:73)
	at org.junit.platform.engine.support.hierarchical.NodeTestTask.lambda$executeRecursively$8(NodeTestTask.java:141)
	at org.junit.platform.engine.support.hierarchical.Node.around(Node.java:137)
	at org.junit.platform.engine.support.hierarchical.NodeTestTask.lambda$executeRecursively$9(NodeTestTask.java:139)
	at org.junit.platform.engine.support.hierarchical.ThrowableCollector.execute(ThrowableCollector.java:73)
	at org.junit.platform.engine.support.hierarchical.NodeTestTask.executeRecursively(NodeTestTask.java:138)
	at org.junit.platform.engine.support.hierarchical.NodeTestTask.execute(NodeTestTask.java:95)
	at java.base/java.util.ArrayList.forEach(ArrayList.java:1511)
	at org.junit.platform.engine.support.hierarchical.SameThreadHierarchicalTestExecutorService.invokeAll(SameThreadHierarchicalTestExecutorService.java:41)
	at org.junit.platform.engine.support.hierarchical.NodeTestTask.lambda$executeRecursively$6(NodeTestTask.java:155)
	at org.junit.platform.engine.support.hierarchical.ThrowableCollector.execute(ThrowableCollector.java:73)
	at org.junit.platform.engine.support.hierarchical.NodeTestTask.lambda$executeRecursively$8(NodeTestTask.java:141)
	at org.junit.platform.engine.support.hierarchical.Node.around(Node.java:137)
	at org.junit.platform.engine.support.hierarchical.NodeTestTask.lambda$executeRecursively$9(NodeTestTask.java:139)
	at org.junit.platform.engine.support.hierarchical.ThrowableCollector.execute(ThrowableCollector.java:73)
	at org.junit.platform.engine.support.hierarchical.NodeTestTask.executeRecursively(NodeTestTask.java:138)
	at org.junit.platform.engine.support.hierarchical.NodeTestTask.execute(NodeTestTask.java:95)
	at org.junit.platform.engine.support.hierarchical.SameThreadHierarchicalTestExecutorService.submit(SameThreadHierarchicalTestExecutorService.java:35)
	at org.junit.platform.engine.support.hierarchical.HierarchicalTestExecutor.execute(HierarchicalTestExecutor.java:57)
	at org.junit.platform.engine.support.hierarchical.HierarchicalTestEngine.execute(HierarchicalTestEngine.java:54)
	at org.junit.platform.launcher.core.EngineExecutionOrchestrator.execute(EngineExecutionOrchestrator.java:198)
	at org.junit.platform.launcher.core.EngineExecutionOrchestrator.execute(EngineExecutionOrchestrator.java:169)
	at org.junit.platform.launcher.core.EngineExecutionOrchestrator.execute(EngineExecutionOrchestrator.java:93)
	at org.junit.platform.launcher.core.EngineExecutionOrchestrator.lambda$execute$0(EngineExecutionOrchestrator.java:58)
	at org.junit.platform.launcher.core.EngineExecutionOrchestrator.withInterceptedStreams(EngineExecutionOrchestrator.java:141)
	at org.junit.platform.launcher.core.EngineExecutionOrchestrator.execute(EngineExecutionOrchestrator.java:57)
	at org.junit.platform.launcher.core.DefaultLauncher.execute(DefaultLauncher.java:103)
	at org.junit.platform.launcher.core.DefaultLauncher.execute(DefaultLauncher.java:85)
	at org.junit.platform.launcher.core.DelegatingLauncher.execute(DelegatingLauncher.java:47)
	at org.junit.platform.launcher.core.SessionPerRequestLauncher.execute(SessionPerRequestLauncher.java:63)
	at com.intellij.junit5.JUnit5IdeaTestRunner.startRunnerWithArgs(JUnit5IdeaTestRunner.java:57)
	at com.intellij.rt.junit.IdeaTestRunner$Repeater$1.execute(IdeaTestRunner.java:38)
	at com.intellij.rt.execution.junit.TestsRepeater.repeat(TestsRepeater.java:11)
	at com.intellij.rt.junit.IdeaTestRunner$Repeater.startRunnerWithArgs(IdeaTestRunner.java:35)
	at com.intellij.rt.junit.JUnitStarter.prepareStreamsAndStart(JUnitStarter.java:232)
	at com.intellij.rt.junit.JUnitStarter.main(JUnitStarter.java:55)
2026-05-10 00:48:22.371 INFO  [main] c.adboard.controller.AuthController - REST request to login: profile@test.com
2026-05-10 00:48:22.616 INFO  [main] com.adboard.service.AuthService - User profile@test.com successfully logged in
2026-05-10 00:48:22.620 INFO  [main] com.adboard.service.UserService - Profile data successfully retrieved for user: profile@test.com
2026-05-10 00:48:22.626 INFO  [main] com.adboard.security.JwtAuthFilter - User profile@test.com successfully authenticated via JWT
2026-05-10 00:48:22.634 ERROR [main] c.a.exception.GlobalExceptionHandler - Bad request: Username is required
2026-05-10 00:52:27.953 WARN  [main] o.s.c.s.PostProcessorRegistrationDelegate$BeanPostProcessorChecker - Bean 'jpaConfig' of type [com.adboard.config.JpaConfig$$SpringCGLIB$$0] is not eligible for getting processed by all BeanPostProcessors (for example: not eligible for auto-proxying). The currently created BeanPostProcessor [exceptionTranslation] is declared through a non-static factory method on that class; consider declaring it as static instead.
2026-05-10 00:52:35.067 INFO  [main] c.adboard.controller.AuthController - REST request to login: profile@test.com
2026-05-10 00:52:36.253 INFO  [main] com.adboard.service.AuthService - User profile@test.com successfully logged in
2026-05-10 00:52:36.258 INFO  [main] com.adboard.service.UserService - Profile data successfully retrieved for user: profile@test.com
2026-05-10 00:52:36.321 INFO  [main] com.adboard.security.JwtAuthFilter - User profile@test.com successfully authenticated via JWT
2026-05-10 00:52:36.324 INFO  [main] c.adboard.controller.UserController - REST request to get profile for user: profile@test.com
2026-05-10 00:52:36.328 INFO  [main] com.adboard.service.UserService - Profile data successfully retrieved for user: profile@test.com
2026-05-10 00:52:36.625 INFO  [main] c.adboard.controller.AuthController - REST request to login: profile@test.com
2026-05-10 00:52:36.873 INFO  [main] com.adboard.service.AuthService - User profile@test.com successfully logged in
2026-05-10 00:52:36.877 INFO  [main] com.adboard.service.UserService - Profile data successfully retrieved for user: profile@test.com
2026-05-10 00:52:36.882 ERROR [main] c.a.exception.GlobalExceptionHandler - Authentication failed: Full authentication is required to access this resource
2026-05-10 00:52:37.153 INFO  [main] c.adboard.controller.AuthController - REST request to login: profile@test.com
2026-05-10 00:52:37.412 INFO  [main] com.adboard.service.AuthService - User profile@test.com successfully logged in
2026-05-10 00:52:37.416 INFO  [main] com.adboard.service.UserService - Profile data successfully retrieved for user: profile@test.com
2026-05-10 00:52:37.427 INFO  [main] com.adboard.security.JwtAuthFilter - User profile@test.com successfully authenticated via JWT
2026-05-10 00:52:37.435 INFO  [main] c.adboard.controller.UserController - REST request to update profile for user: profile@test.com
2026-05-10 00:52:37.454 INFO  [main] com.adboard.service.UserService - Profile updated successfully for user: profile@test.com
2026-05-10 00:52:37.811 INFO  [main] c.adboard.controller.AuthController - REST request to login: profile@test.com
2026-05-10 00:52:38.060 INFO  [main] com.adboard.service.AuthService - User profile@test.com successfully logged in
2026-05-10 00:52:38.064 INFO  [main] com.adboard.service.UserService - Profile data successfully retrieved for user: profile@test.com
2026-05-10 00:52:38.070 INFO  [main] com.adboard.security.JwtAuthFilter - User profile@test.com successfully authenticated via JWT
2026-05-10 00:52:38.080 ERROR [main] c.a.exception.GlobalExceptionHandler - Bad request: Username is required
2026-05-10 11:20:02.975 WARN  [main] o.s.c.s.PostProcessorRegistrationDelegate$BeanPostProcessorChecker - Bean 'jpaConfig' of type [com.adboard.config.JpaConfig$$SpringCGLIB$$0] is not eligible for getting processed by all BeanPostProcessors (for example: not eligible for auto-proxying). The currently created BeanPostProcessor [exceptionTranslation] is declared through a non-static factory method on that class; consider declaring it as static instead.
2026-05-10 11:20:10.262 ERROR [main] c.a.exception.GlobalExceptionHandler - Authentication failed: Full authentication is required to access this resource
2026-05-10 11:20:10.671 ERROR [main] c.a.exception.GlobalExceptionHandler - Authentication failed: Full authentication is required to access this resource
2026-05-10 11:20:10.995 ERROR [main] c.a.exception.GlobalExceptionHandler - Authentication failed: Full authentication is required to access this resource
2026-05-10 11:25:31.827 WARN  [main] o.s.c.s.PostProcessorRegistrationDelegate$BeanPostProcessorChecker - Bean 'jpaConfig' of type [com.adboard.config.JpaConfig$$SpringCGLIB$$0] is not eligible for getting processed by all BeanPostProcessors (for example: not eligible for auto-proxying). The currently created BeanPostProcessor [exceptionTranslation] is declared through a non-static factory method on that class; consider declaring it as static instead.
2026-05-10 11:25:37.688 INFO  [main] c.adboard.controller.AuthController - REST request to login: seller@test.com
2026-05-10 11:25:38.735 INFO  [main] com.adboard.service.AuthService - User seller@test.com successfully logged in
2026-05-10 11:25:38.740 INFO  [main] com.adboard.service.UserService - Profile data successfully retrieved for user: seller@test.com
2026-05-10 11:25:38.876 INFO  [main] com.adboard.security.JwtAuthFilter - User seller@test.com successfully authenticated via JWT
2026-05-10 11:25:38.880 INFO  [main] com.adboard.controller.AdController - REST request to search ads: page=0, size=10, keyword=iPhone, categoryId=null
2026-05-10 11:25:38.930 INFO  [main] com.adboard.service.AdService - Search completed: found 0 ads (page 1/0) for filters: keyword=iPhone, category=null
2026-05-10 11:25:39.262 INFO  [main] c.adboard.controller.AuthController - REST request to login: seller@test.com
2026-05-10 11:25:39.508 INFO  [main] com.adboard.service.AuthService - User seller@test.com successfully logged in
2026-05-10 11:25:39.513 INFO  [main] com.adboard.service.UserService - Profile data successfully retrieved for user: seller@test.com
2026-05-10 11:25:39.584 INFO  [main] com.adboard.security.JwtAuthFilter - User seller@test.com successfully authenticated via JWT
2026-05-10 11:25:39.585 INFO  [main] com.adboard.controller.AdController - REST request to search ads: page=0, size=10, keyword=null, categoryId=1
2026-05-10 11:25:39.596 INFO  [main] com.adboard.service.AdService - Search completed: found 0 ads (page 1/0) for filters: keyword=null, category=1
2026-05-10 11:25:39.864 INFO  [main] c.adboard.controller.AuthController - REST request to login: seller@test.com
2026-05-10 11:25:40.113 INFO  [main] com.adboard.service.AuthService - User seller@test.com successfully logged in
2026-05-10 11:25:40.116 INFO  [main] com.adboard.service.UserService - Profile data successfully retrieved for user: seller@test.com
2026-05-10 11:25:40.185 INFO  [main] com.adboard.security.JwtAuthFilter - User seller@test.com successfully authenticated via JWT
2026-05-10 11:25:40.185 INFO  [main] com.adboard.controller.AdController - REST request to search ads: page=0, size=5, keyword=null, categoryId=null
2026-05-10 11:25:40.194 INFO  [main] com.adboard.service.AdService - Search completed: found 0 ads (page 1/0) for filters: keyword=null, category=null
2026-05-10 11:31:10.765 WARN  [main] o.s.c.s.PostProcessorRegistrationDelegate$BeanPostProcessorChecker - Bean 'jpaConfig' of type [com.adboard.config.JpaConfig$$SpringCGLIB$$0] is not eligible for getting processed by all BeanPostProcessors (for example: not eligible for auto-proxying). The currently created BeanPostProcessor [exceptionTranslation] is declared through a non-static factory method on that class; consider declaring it as static instead.
2026-05-10 11:31:17.731 INFO  [main] c.adboard.controller.AuthController - REST request to login: seller@test.com
2026-05-10 11:31:18.780 INFO  [main] com.adboard.service.AuthService - User seller@test.com successfully logged in
2026-05-10 11:31:18.785 INFO  [main] com.adboard.service.UserService - Profile data successfully retrieved for user: seller@test.com
2026-05-10 11:31:18.945 INFO  [main] com.adboard.security.JwtAuthFilter - User seller@test.com successfully authenticated via JWT
2026-05-10 11:31:18.949 INFO  [main] com.adboard.controller.AdController - REST request to search ads: page=0, size=10, keyword=iPhone, categoryId=null
2026-05-10 11:31:19.069 INFO  [main] com.adboard.service.AdService - Search completed: found 2 ads (page 1/1) for filters: keyword=iPhone, category=null
2026-05-10 11:31:19.413 INFO  [main] c.adboard.controller.AuthController - REST request to login: seller@test.com
2026-05-10 11:31:19.658 INFO  [main] com.adboard.service.AuthService - User seller@test.com successfully logged in
2026-05-10 11:31:19.662 INFO  [main] com.adboard.service.UserService - Profile data successfully retrieved for user: seller@test.com
2026-05-10 11:31:19.736 INFO  [main] com.adboard.security.JwtAuthFilter - User seller@test.com successfully authenticated via JWT
2026-05-10 11:31:19.737 INFO  [main] com.adboard.controller.AdController - REST request to search ads: page=0, size=10, keyword=null, categoryId=1
2026-05-10 11:31:19.793 INFO  [main] com.adboard.service.AdService - Search completed: found 3 ads (page 1/1) for filters: keyword=null, category=1
2026-05-10 11:31:20.076 INFO  [main] c.adboard.controller.AuthController - REST request to login: seller@test.com
2026-05-10 11:31:20.322 INFO  [main] com.adboard.service.AuthService - User seller@test.com successfully logged in
2026-05-10 11:31:20.326 INFO  [main] com.adboard.service.UserService - Profile data successfully retrieved for user: seller@test.com
2026-05-10 11:31:20.398 INFO  [main] com.adboard.security.JwtAuthFilter - User seller@test.com successfully authenticated via JWT
2026-05-10 11:31:20.399 INFO  [main] com.adboard.controller.AdController - REST request to search ads: page=0, size=5, keyword=null, categoryId=null
2026-05-10 11:31:20.444 INFO  [main] com.adboard.service.AdService - Search completed: found 5 ads (page 1/3) for filters: keyword=null, category=null
2026-05-10 11:35:12.044 WARN  [main] o.s.c.s.PostProcessorRegistrationDelegate$BeanPostProcessorChecker - Bean 'jpaConfig' of type [com.adboard.config.JpaConfig$$SpringCGLIB$$0] is not eligible for getting processed by all BeanPostProcessors (for example: not eligible for auto-proxying). The currently created BeanPostProcessor [exceptionTranslation] is declared through a non-static factory method on that class; consider declaring it as static instead.
2026-05-10 11:35:18.153 INFO  [main] c.adboard.controller.AuthController - REST request to login: seller@test.com
2026-05-10 11:35:19.237 INFO  [main] com.adboard.service.AuthService - User seller@test.com successfully logged in
2026-05-10 11:35:19.241 INFO  [main] com.adboard.service.UserService - Profile data successfully retrieved for user: seller@test.com
2026-05-10 11:35:19.408 INFO  [main] com.adboard.security.JwtAuthFilter - User seller@test.com successfully authenticated via JWT
2026-05-10 11:35:19.412 INFO  [main] com.adboard.controller.AdController - REST request to search ads: page=0, size=10, keyword=iPhone, categoryId=null
2026-05-10 11:35:19.528 INFO  [main] com.adboard.service.AdService - Search completed: found 2 ads (page 1/1) for filters: keyword=iPhone, category=null
2026-05-10 11:35:19.872 INFO  [main] c.adboard.controller.AuthController - REST request to login: seller@test.com
2026-05-10 11:35:20.123 INFO  [main] com.adboard.service.AuthService - User seller@test.com successfully logged in
2026-05-10 11:35:20.128 INFO  [main] com.adboard.service.UserService - Profile data successfully retrieved for user: seller@test.com
2026-05-10 11:35:20.202 INFO  [main] com.adboard.security.JwtAuthFilter - User seller@test.com successfully authenticated via JWT
2026-05-10 11:35:20.203 INFO  [main] com.adboard.controller.AdController - REST request to search ads: page=0, size=10, keyword=null, categoryId=1
2026-05-10 11:35:20.257 INFO  [main] com.adboard.service.AdService - Search completed: found 3 ads (page 1/1) for filters: keyword=null, category=1
2026-05-10 11:35:20.522 INFO  [main] c.adboard.controller.AuthController - REST request to login: seller@test.com
2026-05-10 11:35:20.769 INFO  [main] com.adboard.service.AuthService - User seller@test.com successfully logged in
2026-05-10 11:35:20.772 INFO  [main] com.adboard.service.UserService - Profile data successfully retrieved for user: seller@test.com
2026-05-10 11:35:20.840 INFO  [main] com.adboard.security.JwtAuthFilter - User seller@test.com successfully authenticated via JWT
2026-05-10 11:35:20.841 INFO  [main] com.adboard.controller.AdController - REST request to search ads: page=0, size=5, keyword=null, categoryId=null
2026-05-10 11:35:20.887 INFO  [main] com.adboard.service.AdService - Search completed: found 5 ads (page 1/3) for filters: keyword=null, category=null
2026-05-10 11:35:55.289 WARN  [main] o.s.c.s.PostProcessorRegistrationDelegate$BeanPostProcessorChecker - Bean 'jpaConfig' of type [com.adboard.config.JpaConfig$$SpringCGLIB$$0] is not eligible for getting processed by all BeanPostProcessors (for example: not eligible for auto-proxying). The currently created BeanPostProcessor [exceptionTranslation] is declared through a non-static factory method on that class; consider declaring it as static instead.
2026-05-10 11:36:01.419 INFO  [main] c.adboard.controller.AuthController - REST request to login: seller@test.com
2026-05-10 11:36:02.441 INFO  [main] com.adboard.service.AuthService - User seller@test.com successfully logged in
2026-05-10 11:36:02.445 INFO  [main] com.adboard.service.UserService - Profile data successfully retrieved for user: seller@test.com
2026-05-10 11:36:02.608 INFO  [main] com.adboard.security.JwtAuthFilter - User seller@test.com successfully authenticated via JWT
2026-05-10 11:36:02.614 INFO  [main] com.adboard.controller.AdController - REST request to search ads: page=0, size=10, keyword=iPhone, categoryId=null
2026-05-10 11:36:02.732 INFO  [main] com.adboard.service.AdService - Search completed: found 2 ads (page 1/1) for filters: keyword=iPhone, category=null
2026-05-10 11:36:03.071 INFO  [main] c.adboard.controller.AuthController - REST request to login: seller@test.com
2026-05-10 11:36:03.320 INFO  [main] com.adboard.service.AuthService - User seller@test.com successfully logged in
2026-05-10 11:36:03.323 INFO  [main] com.adboard.service.UserService - Profile data successfully retrieved for user: seller@test.com
2026-05-10 11:36:03.394 INFO  [main] com.adboard.security.JwtAuthFilter - User seller@test.com successfully authenticated via JWT
2026-05-10 11:36:03.395 INFO  [main] com.adboard.controller.AdController - REST request to search ads: page=0, size=10, keyword=null, categoryId=1
2026-05-10 11:36:03.449 INFO  [main] com.adboard.service.AdService - Search completed: found 3 ads (page 1/1) for filters: keyword=null, category=1
2026-05-10 11:36:03.716 INFO  [main] c.adboard.controller.AuthController - REST request to login: seller@test.com
2026-05-10 11:36:03.965 INFO  [main] com.adboard.service.AuthService - User seller@test.com successfully logged in
2026-05-10 11:36:03.968 INFO  [main] com.adboard.service.UserService - Profile data successfully retrieved for user: seller@test.com
2026-05-10 11:36:04.038 INFO  [main] com.adboard.security.JwtAuthFilter - User seller@test.com successfully authenticated via JWT
2026-05-10 11:36:04.039 INFO  [main] com.adboard.controller.AdController - REST request to search ads: page=0, size=5, keyword=null, categoryId=null
2026-05-10 11:36:04.086 INFO  [main] com.adboard.service.AdService - Search completed: found 5 ads (page 1/3) for filters: keyword=null, category=null
2026-05-10 11:36:27.338 WARN  [main] o.s.c.s.PostProcessorRegistrationDelegate$BeanPostProcessorChecker - Bean 'jpaConfig' of type [com.adboard.config.JpaConfig$$SpringCGLIB$$0] is not eligible for getting processed by all BeanPostProcessors (for example: not eligible for auto-proxying). The currently created BeanPostProcessor [exceptionTranslation] is declared through a non-static factory method on that class; consider declaring it as static instead.
2026-05-10 11:36:33.194 INFO  [main] c.adboard.controller.AuthController - REST request to login: seller@test.com
2026-05-10 11:36:34.146 INFO  [main] com.adboard.service.AuthService - User seller@test.com successfully logged in
2026-05-10 11:36:34.150 INFO  [main] com.adboard.service.UserService - Profile data successfully retrieved for user: seller@test.com
2026-05-10 11:36:34.368 INFO  [main] com.adboard.security.JwtAuthFilter - User seller@test.com successfully authenticated via JWT
2026-05-10 11:36:34.375 INFO  [main] com.adboard.controller.AdController - REST request to search ads: page=0, size=10, keyword=iPhone, categoryId=null
2026-05-10 11:36:34.524 INFO  [main] com.adboard.service.AdService - Search completed: found 2 ads (page 1/1) for filters: keyword=iPhone, category=null
2026-05-10 11:36:34.869 INFO  [main] c.adboard.controller.AuthController - REST request to login: seller@test.com
2026-05-10 11:36:35.114 INFO  [main] com.adboard.service.AuthService - User seller@test.com successfully logged in
2026-05-10 11:36:35.118 INFO  [main] com.adboard.service.UserService - Profile data successfully retrieved for user: seller@test.com
2026-05-10 11:36:35.197 INFO  [main] com.adboard.security.JwtAuthFilter - User seller@test.com successfully authenticated via JWT
2026-05-10 11:36:35.198 INFO  [main] com.adboard.controller.AdController - REST request to search ads: page=0, size=10, keyword=null, categoryId=1
2026-05-10 11:36:35.248 INFO  [main] com.adboard.service.AdService - Search completed: found 3 ads (page 1/1) for filters: keyword=null, category=1
2026-05-10 11:36:35.513 INFO  [main] c.adboard.controller.AuthController - REST request to login: seller@test.com
2026-05-10 11:36:35.762 INFO  [main] com.adboard.service.AuthService - User seller@test.com successfully logged in
2026-05-10 11:36:35.766 INFO  [main] com.adboard.service.UserService - Profile data successfully retrieved for user: seller@test.com
2026-05-10 11:36:35.835 INFO  [main] com.adboard.security.JwtAuthFilter - User seller@test.com successfully authenticated via JWT
2026-05-10 11:36:35.836 INFO  [main] com.adboard.controller.AdController - REST request to search ads: page=0, size=5, keyword=null, categoryId=null
2026-05-10 11:36:35.883 INFO  [main] com.adboard.service.AdService - Search completed: found 5 ads (page 1/3) for filters: keyword=null, category=null
2026-05-10 11:44:19.611 WARN  [main] o.s.c.s.PostProcessorRegistrationDelegate$BeanPostProcessorChecker - Bean 'jpaConfig' of type [com.adboard.config.JpaConfig$$SpringCGLIB$$0] is not eligible for getting processed by all BeanPostProcessors (for example: not eligible for auto-proxying). The currently created BeanPostProcessor [exceptionTranslation] is declared through a non-static factory method on that class; consider declaring it as static instead.
2026-05-10 11:44:26.590 INFO  [main] c.adboard.controller.AuthController - REST request to login: seller@test.com
2026-05-10 11:44:27.685 INFO  [main] com.adboard.service.AuthService - User seller@test.com successfully logged in
2026-05-10 11:44:27.690 INFO  [main] com.adboard.service.UserService - Profile data successfully retrieved for user: seller@test.com
2026-05-10 11:44:27.864 INFO  [main] com.adboard.security.JwtAuthFilter - User seller@test.com successfully authenticated via JWT
2026-05-10 11:44:27.870 INFO  [main] com.adboard.controller.AdController - REST request to search ads: page=0, size=10, keyword=iPhone, categoryId=null
2026-05-10 11:44:27.992 INFO  [main] com.adboard.service.AdService - Search completed: found 2 ads (page 1/1) for filters: keyword=iPhone, category=null
2026-05-10 11:44:28.388 INFO  [main] c.adboard.controller.AuthController - REST request to login: seller@test.com
2026-05-10 11:44:28.641 INFO  [main] com.adboard.service.AuthService - User seller@test.com successfully logged in
2026-05-10 11:44:28.646 INFO  [main] com.adboard.service.UserService - Profile data successfully retrieved for user: seller@test.com
2026-05-10 11:44:28.721 INFO  [main] com.adboard.security.JwtAuthFilter - User seller@test.com successfully authenticated via JWT
2026-05-10 11:44:28.724 INFO  [main] com.adboard.controller.AdController - REST request to search ads: page=0, size=10, keyword=null, categoryId=1
2026-05-10 11:44:28.779 INFO  [main] com.adboard.service.AdService - Search completed: found 3 ads (page 1/1) for filters: keyword=null, category=1
2026-05-10 11:44:29.071 INFO  [main] c.adboard.controller.AuthController - REST request to login: seller@test.com
2026-05-10 11:44:29.322 INFO  [main] com.adboard.service.AuthService - User seller@test.com successfully logged in
2026-05-10 11:44:29.326 INFO  [main] com.adboard.service.UserService - Profile data successfully retrieved for user: seller@test.com
2026-05-10 11:44:29.404 INFO  [main] com.adboard.security.JwtAuthFilter - User seller@test.com successfully authenticated via JWT
2026-05-10 11:44:29.404 INFO  [main] com.adboard.controller.AdController - REST request to search ads: page=0, size=5, keyword=null, categoryId=null
2026-05-10 11:44:29.458 INFO  [main] com.adboard.service.AdService - Search completed: found 5 ads (page 1/3) for filters: keyword=null, category=null
2026-05-10 11:45:12.020 WARN  [main] o.s.c.s.PostProcessorRegistrationDelegate$BeanPostProcessorChecker - Bean 'jpaConfig' of type [com.adboard.config.JpaConfig$$SpringCGLIB$$0] is not eligible for getting processed by all BeanPostProcessors (for example: not eligible for auto-proxying). The currently created BeanPostProcessor [exceptionTranslation] is declared through a non-static factory method on that class; consider declaring it as static instead.
2026-05-10 11:45:17.861 INFO  [main] c.adboard.controller.AuthController - REST request to login: seller@test.com
2026-05-10 11:45:18.898 INFO  [main] com.adboard.service.AuthService - User seller@test.com successfully logged in
2026-05-10 11:45:18.903 INFO  [main] com.adboard.service.UserService - Profile data successfully retrieved for user: seller@test.com
2026-05-10 11:45:19.057 INFO  [main] com.adboard.security.JwtAuthFilter - User seller@test.com successfully authenticated via JWT
2026-05-10 11:45:19.062 INFO  [main] com.adboard.controller.AdController - REST request to search ads: page=0, size=5, keyword=null, categoryId=null
2026-05-10 11:45:19.173 INFO  [main] com.adboard.service.AdService - Search completed: found 5 ads (page 1/3) for filters: keyword=null, category=null
2026-05-10 11:49:25.183 WARN  [main] o.s.c.s.PostProcessorRegistrationDelegate$BeanPostProcessorChecker - Bean 'jpaConfig' of type [com.adboard.config.JpaConfig$$SpringCGLIB$$0] is not eligible for getting processed by all BeanPostProcessors (for example: not eligible for auto-proxying). The currently created BeanPostProcessor [exceptionTranslation] is declared through a non-static factory method on that class; consider declaring it as static instead.
2026-05-10 11:49:31.261 INFO  [main] c.adboard.controller.AuthController - REST request to login: seller@test.com
2026-05-10 11:49:32.276 INFO  [main] com.adboard.service.AuthService - User seller@test.com successfully logged in
2026-05-10 11:49:32.280 INFO  [main] com.adboard.service.UserService - Profile data successfully retrieved for user: seller@test.com
2026-05-10 11:49:32.456 INFO  [main] com.adboard.security.JwtAuthFilter - User seller@test.com successfully authenticated via JWT
2026-05-10 11:49:32.461 INFO  [main] com.adboard.controller.AdController - REST request to search ads: page=0, size=5, keyword=null, categoryId=null
2026-05-10 11:49:32.573 INFO  [main] com.adboard.service.AdService - Search completed: found 5 ads (page 1/3) for filters: keyword=null, category=null
2026-05-10 11:50:22.352 WARN  [main] o.s.c.s.PostProcessorRegistrationDelegate$BeanPostProcessorChecker - Bean 'jpaConfig' of type [com.adboard.config.JpaConfig$$SpringCGLIB$$0] is not eligible for getting processed by all BeanPostProcessors (for example: not eligible for auto-proxying). The currently created BeanPostProcessor [exceptionTranslation] is declared through a non-static factory method on that class; consider declaring it as static instead.
2026-05-10 11:50:29.218 INFO  [main] c.adboard.controller.AuthController - REST request to login: seller@test.com
2026-05-10 11:50:30.376 INFO  [main] com.adboard.service.AuthService - User seller@test.com successfully logged in
2026-05-10 11:50:30.382 INFO  [main] com.adboard.service.UserService - Profile data successfully retrieved for user: seller@test.com
2026-05-10 11:50:30.587 INFO  [main] com.adboard.security.JwtAuthFilter - User seller@test.com successfully authenticated via JWT
2026-05-10 11:50:30.593 INFO  [main] com.adboard.controller.AdController - REST request to search ads: page=0, size=10, keyword=iPhone, categoryId=null
2026-05-10 11:50:30.741 INFO  [main] com.adboard.service.AdService - Search completed: found 2 ads (page 1/1) for filters: keyword=iPhone, category=null
2026-05-10 11:50:31.115 INFO  [main] c.adboard.controller.AuthController - REST request to login: seller@test.com
2026-05-10 11:50:31.368 INFO  [main] com.adboard.service.AuthService - User seller@test.com successfully logged in
2026-05-10 11:50:31.372 INFO  [main] com.adboard.service.UserService - Profile data successfully retrieved for user: seller@test.com
2026-05-10 11:50:31.448 INFO  [main] com.adboard.security.JwtAuthFilter - User seller@test.com successfully authenticated via JWT
2026-05-10 11:50:31.450 INFO  [main] com.adboard.controller.AdController - REST request to search ads: page=0, size=10, keyword=null, categoryId=1
2026-05-10 11:50:31.501 INFO  [main] com.adboard.service.AdService - Search completed: found 3 ads (page 1/1) for filters: keyword=null, category=1
2026-05-10 11:50:31.780 INFO  [main] c.adboard.controller.AuthController - REST request to login: seller@test.com
2026-05-10 11:50:32.029 INFO  [main] com.adboard.service.AuthService - User seller@test.com successfully logged in
2026-05-10 11:50:32.033 INFO  [main] com.adboard.service.UserService - Profile data successfully retrieved for user: seller@test.com
2026-05-10 11:50:32.107 INFO  [main] com.adboard.security.JwtAuthFilter - User seller@test.com successfully authenticated via JWT
2026-05-10 11:50:32.109 INFO  [main] com.adboard.controller.AdController - REST request to search ads: page=0, size=5, keyword=null, categoryId=null
2026-05-10 11:50:32.159 INFO  [main] com.adboard.service.AdService - Search completed: found 5 ads (page 1/3) for filters: keyword=null, category=null
2026-05-10 12:11:40.656 WARN  [main] o.s.c.s.PostProcessorRegistrationDelegate$BeanPostProcessorChecker - Bean 'jpaConfig' of type [com.adboard.config.JpaConfig$$SpringCGLIB$$0] is not eligible for getting processed by all BeanPostProcessors (for example: not eligible for auto-proxying). The currently created BeanPostProcessor [exceptionTranslation] is declared through a non-static factory method on that class; consider declaring it as static instead.
2026-05-10 12:11:48.523 INFO  [main] c.adboard.controller.AuthController - REST request to login: seller@test.com
2026-05-10 12:11:49.208 INFO  [main] com.adboard.service.AuthService - User seller@test.com successfully logged in
2026-05-10 12:11:49.212 INFO  [main] com.adboard.service.UserService - Profile data successfully retrieved for user: seller@test.com
2026-05-10 12:11:49.240 INFO  [main] c.adboard.controller.AuthController - REST request to login: admin@test.com
2026-05-10 12:11:49.487 INFO  [main] com.adboard.service.AuthService - User admin@test.com successfully logged in
2026-05-10 12:11:49.491 INFO  [main] com.adboard.service.UserService - Profile data successfully retrieved for user: admin@test.com
2026-05-10 12:11:49.576 INFO  [main] com.adboard.security.JwtAuthFilter - User seller@test.com successfully authenticated via JWT
2026-05-10 12:11:49.590 INFO  [main] com.adboard.controller.AdController - REST request to create ad by user: seller@test.com
2026-05-10 12:11:49.604 INFO  [main] com.adboard.service.AdService - Ad created successfully: id=1, seller=seller@test.com
2026-05-10 12:11:49.627 INFO  [main] com.adboard.security.JwtAuthFilter - User seller@test.com successfully authenticated via JWT
2026-05-10 12:11:49.637 INFO  [main] com.adboard.controller.AdController - REST request to update ad: id=1, user=seller@test.com
2026-05-10 12:11:49.677 INFO  [main] com.adboard.service.AdService - Ad updated successfully: id=1, by=seller@test.com
2026-05-10 12:11:50.359 INFO  [main] c.adboard.controller.AuthController - REST request to login: seller@test.com
2026-05-10 12:11:50.604 INFO  [main] com.adboard.service.AuthService - User seller@test.com successfully logged in
2026-05-10 12:11:50.608 INFO  [main] com.adboard.service.UserService - Profile data successfully retrieved for user: seller@test.com
2026-05-10 12:11:50.610 INFO  [main] c.adboard.controller.AuthController - REST request to login: admin@test.com
2026-05-10 12:11:50.855 INFO  [main] com.adboard.service.AuthService - User admin@test.com successfully logged in
2026-05-10 12:11:50.858 INFO  [main] com.adboard.service.UserService - Profile data successfully retrieved for user: admin@test.com
2026-05-10 12:11:50.867 INFO  [main] com.adboard.security.JwtAuthFilter - User seller@test.com successfully authenticated via JWT
2026-05-10 12:11:50.869 INFO  [main] com.adboard.controller.AdController - REST request to create ad by user: seller@test.com
2026-05-10 12:11:50.877 INFO  [main] com.adboard.service.AdService - Ad created successfully: id=2, seller=seller@test.com
2026-05-10 12:11:50.883 INFO  [main] com.adboard.security.JwtAuthFilter - User seller@test.com successfully authenticated via JWT
2026-05-10 12:11:50.884 INFO  [main] com.adboard.controller.AdController - REST request to delete ad: id=2, user=seller@test.com
2026-05-10 12:11:50.889 INFO  [main] com.adboard.service.AdService - Ad deleted successfully: id=2, by=seller@test.com
2026-05-10 12:11:50.907 INFO  [main] com.adboard.security.JwtAuthFilter - User seller@test.com successfully authenticated via JWT
2026-05-10 12:11:50.909 INFO  [main] com.adboard.controller.AdController - REST request to search ads: page=0, size=10, keyword=Удаляемый, categoryId=null
2026-05-10 12:11:50.950 INFO  [main] com.adboard.service.AdService - Search completed: found 0 ads (page 1/0) for filters: keyword=Удаляемый, category=null
2026-05-10 12:11:51.494 INFO  [main] c.adboard.controller.AuthController - REST request to login: seller@test.com
2026-05-10 12:11:51.739 INFO  [main] com.adboard.service.AuthService - User seller@test.com successfully logged in
2026-05-10 12:11:51.743 INFO  [main] com.adboard.service.UserService - Profile data successfully retrieved for user: seller@test.com
2026-05-10 12:11:51.746 INFO  [main] c.adboard.controller.AuthController - REST request to login: admin@test.com
2026-05-10 12:11:51.992 INFO  [main] com.adboard.service.AuthService - User admin@test.com successfully logged in
2026-05-10 12:11:51.995 INFO  [main] com.adboard.service.UserService - Profile data successfully retrieved for user: admin@test.com
2026-05-10 12:11:52.005 INFO  [main] com.adboard.security.JwtAuthFilter - User seller@test.com successfully authenticated via JWT
2026-05-10 12:11:52.006 INFO  [main] com.adboard.controller.AdController - REST request to create ad by user: seller@test.com
2026-05-10 12:11:52.016 INFO  [main] com.adboard.service.AdService - Ad created successfully: id=3, seller=seller@test.com
2026-05-10 12:11:52.022 INFO  [main] com.adboard.security.JwtAuthFilter - User admin@test.com successfully authenticated via JWT
2026-05-10 12:11:52.037 INFO  [main] com.adboard.controller.AdController - REST request to publish ad: 3 by admin: admin@test.com
2026-05-10 12:11:52.042 INFO  [main] com.adboard.service.AdService - Ad published by admin admin@test.com: id=3
2026-05-10 12:11:52.060 INFO  [main] com.adboard.security.JwtAuthFilter - User seller@test.com successfully authenticated via JWT
2026-05-10 12:11:52.061 INFO  [main] com.adboard.controller.AdController - REST request to search ads: page=0, size=10, keyword=модерацию, categoryId=null
2026-05-10 12:11:52.072 INFO  [main] com.adboard.service.AdService - Search completed: found 1 ads (page 1/1) for filters: keyword=модерацию, category=null
2026-05-10 12:11:52.582 INFO  [main] c.adboard.controller.AuthController - REST request to login: seller@test.com
2026-05-10 12:11:52.827 INFO  [main] com.adboard.service.AuthService - User seller@test.com successfully logged in
2026-05-10 12:11:52.831 INFO  [main] com.adboard.service.UserService - Profile data successfully retrieved for user: seller@test.com
2026-05-10 12:11:52.834 INFO  [main] c.adboard.controller.AuthController - REST request to login: admin@test.com
2026-05-10 12:11:53.078 INFO  [main] com.adboard.service.AuthService - User admin@test.com successfully logged in
2026-05-10 12:11:53.082 INFO  [main] com.adboard.service.UserService - Profile data successfully retrieved for user: admin@test.com
2026-05-10 12:11:53.091 INFO  [main] com.adboard.security.JwtAuthFilter - User seller@test.com successfully authenticated via JWT
2026-05-10 12:11:53.092 INFO  [main] com.adboard.controller.AdController - REST request to create ad by user: seller@test.com
2026-05-10 12:11:53.100 INFO  [main] com.adboard.service.AdService - Ad created successfully: id=4, seller=seller@test.com
2026-05-10 13:09:33.459 WARN  [main] o.s.c.s.PostProcessorRegistrationDelegate$BeanPostProcessorChecker - Bean 'jpaConfig' of type [com.adboard.config.JpaConfig$$SpringCGLIB$$0] is not eligible for getting processed by all BeanPostProcessors (for example: not eligible for auto-proxying). The currently created BeanPostProcessor [exceptionTranslation] is declared through a non-static factory method on that class; consider declaring it as static instead.
2026-05-10 13:09:40.844 INFO  [main] c.adboard.controller.AuthController - REST request to login: seller@test.com
2026-05-10 13:09:41.513 INFO  [main] com.adboard.service.AuthService - User seller@test.com successfully logged in
2026-05-10 13:09:41.519 INFO  [main] com.adboard.service.UserService - Profile data successfully retrieved for user: seller@test.com
2026-05-10 13:09:41.545 INFO  [main] c.adboard.controller.AuthController - REST request to login: commenter@test.com
2026-05-10 13:09:41.791 INFO  [main] com.adboard.service.AuthService - User commenter@test.com successfully logged in
2026-05-10 13:09:41.795 INFO  [main] com.adboard.service.UserService - Profile data successfully retrieved for user: commenter@test.com
2026-05-10 13:09:41.877 INFO  [main] com.adboard.security.JwtAuthFilter - User commenter@test.com successfully authenticated via JWT
2026-05-10 13:09:41.887 INFO  [main] c.a.controller.CommentController - REST request to add comment to ad: 1 by user: commenter@test.com
2026-05-10 13:09:41.933 INFO  [main] com.adboard.service.CommentService - Comment added successfully: id=7, ad=1, by=commenter@test.com
2026-05-10 13:09:41.951 INFO  [main] com.adboard.security.JwtAuthFilter - User commenter@test.com successfully authenticated via JWT
2026-05-10 13:09:41.952 INFO  [main] c.a.controller.CommentController - REST request to add comment to ad: 1 by user: commenter@test.com
2026-05-10 13:09:41.992 INFO  [main] com.adboard.service.CommentService - Comment added successfully: id=8, ad=1, by=commenter@test.com
2026-05-10 13:09:42.666 INFO  [main] c.adboard.controller.AuthController - REST request to login: seller@test.com
2026-05-10 13:09:42.912 INFO  [main] com.adboard.service.AuthService - User seller@test.com successfully logged in
2026-05-10 13:09:42.915 INFO  [main] com.adboard.service.UserService - Profile data successfully retrieved for user: seller@test.com
2026-05-10 13:09:42.917 INFO  [main] c.adboard.controller.AuthController - REST request to login: commenter@test.com
2026-05-10 13:09:43.162 INFO  [main] com.adboard.service.AuthService - User commenter@test.com successfully logged in
2026-05-10 13:09:43.166 INFO  [main] com.adboard.service.UserService - Profile data successfully retrieved for user: commenter@test.com
2026-05-10 13:09:43.200 INFO  [main] com.adboard.security.JwtAuthFilter - User commenter@test.com successfully authenticated via JWT
2026-05-10 13:09:43.201 INFO  [main] c.a.controller.CommentController - REST request to add comment to ad: 2 by user: commenter@test.com
2026-05-10 13:09:43.212 INFO  [main] com.adboard.service.CommentService - Comment added successfully: id=15, ad=2, by=commenter@test.com
2026-05-10 13:09:43.733 INFO  [main] c.adboard.controller.AuthController - REST request to login: seller@test.com
2026-05-10 13:09:43.982 INFO  [main] com.adboard.service.AuthService - User seller@test.com successfully logged in
2026-05-10 13:09:43.985 INFO  [main] com.adboard.service.UserService - Profile data successfully retrieved for user: seller@test.com
2026-05-10 13:09:43.988 INFO  [main] c.adboard.controller.AuthController - REST request to login: commenter@test.com
2026-05-10 13:09:44.233 INFO  [main] com.adboard.service.AuthService - User commenter@test.com successfully logged in
2026-05-10 13:09:44.236 INFO  [main] com.adboard.service.UserService - Profile data successfully retrieved for user: commenter@test.com
2026-05-10 13:09:44.270 INFO  [main] com.adboard.security.JwtAuthFilter - User commenter@test.com successfully authenticated via JWT
2026-05-10 13:09:44.271 INFO  [main] c.a.controller.CommentController - REST request to fetch comments for ad: 3, page=0
2026-05-10 13:09:44.287 INFO  [main] com.adboard.service.CommentService - Successfully retrieved 2 comments for ad 3 (page 1/1)
2026-05-10 13:09:44.817 INFO  [main] c.adboard.controller.AuthController - REST request to login: seller@test.com
2026-05-10 13:09:45.062 INFO  [main] com.adboard.service.AuthService - User seller@test.com successfully logged in
2026-05-10 13:09:45.065 INFO  [main] com.adboard.service.UserService - Profile data successfully retrieved for user: seller@test.com
2026-05-10 13:09:45.068 INFO  [main] c.adboard.controller.AuthController - REST request to login: commenter@test.com
2026-05-10 13:09:45.318 INFO  [main] com.adboard.service.AuthService - User commenter@test.com successfully logged in
2026-05-10 13:09:45.321 INFO  [main] com.adboard.service.UserService - Profile data successfully retrieved for user: commenter@test.com
2026-05-10 13:09:45.352 INFO  [main] com.adboard.security.JwtAuthFilter - User commenter@test.com successfully authenticated via JWT
2026-05-10 13:09:45.353 INFO  [main] c.a.controller.CommentController - REST request to add comment to ad: 4 by user: commenter@test.com
2026-05-10 13:09:45.364 INFO  [main] com.adboard.service.CommentService - Comment added successfully: id=28, ad=4, by=commenter@test.com
2026-05-10 13:09:45.370 INFO  [main] com.adboard.security.JwtAuthFilter - User commenter@test.com successfully authenticated via JWT
2026-05-10 13:09:45.372 INFO  [main] c.a.controller.CommentController - REST request to delete comment: 28 for ad: 4
2026-05-10 13:09:45.382 INFO  [main] com.adboard.service.CommentService - Comment deleted successfully: id=28, ad=4
2026-05-10 13:09:45.402 INFO  [main] com.adboard.security.JwtAuthFilter - User commenter@test.com successfully authenticated via JWT
2026-05-10 13:09:45.403 INFO  [main] c.a.controller.CommentController - REST request to fetch comments for ad: 4, page=0
2026-05-10 13:09:45.410 INFO  [main] com.adboard.service.CommentService - Successfully retrieved 2 comments for ad 4 (page 1/1)
2026-05-10 13:11:51.151 WARN  [main] o.s.c.s.PostProcessorRegistrationDelegate$BeanPostProcessorChecker - Bean 'jpaConfig' of type [com.adboard.config.JpaConfig$$SpringCGLIB$$0] is not eligible for getting processed by all BeanPostProcessors (for example: not eligible for auto-proxying). The currently created BeanPostProcessor [exceptionTranslation] is declared through a non-static factory method on that class; consider declaring it as static instead.
2026-05-10 13:11:57.975 INFO  [main] c.adboard.controller.AuthController - REST request to login: seller@test.com
2026-05-10 13:11:58.542 INFO  [main] com.adboard.service.AuthService - User seller@test.com successfully logged in
2026-05-10 13:11:58.547 INFO  [main] com.adboard.service.UserService - Profile data successfully retrieved for user: seller@test.com
2026-05-10 13:11:58.576 INFO  [main] c.adboard.controller.AuthController - REST request to login: commenter@test.com
2026-05-10 13:11:58.816 INFO  [main] com.adboard.service.AuthService - User commenter@test.com successfully logged in
2026-05-10 13:11:58.820 INFO  [main] com.adboard.service.UserService - Profile data successfully retrieved for user: commenter@test.com
2026-05-10 13:11:58.894 INFO  [main] com.adboard.security.JwtAuthFilter - User commenter@test.com successfully authenticated via JWT
2026-05-10 13:11:58.899 INFO  [main] c.a.controller.CommentController - REST request to fetch comments for ad: 1, page=0
2026-05-10 13:11:58.996 INFO  [main] com.adboard.service.CommentService - Successfully retrieved 2 comments for ad 1 (page 1/1)
2026-05-10 13:14:11.840 WARN  [main] o.s.c.s.PostProcessorRegistrationDelegate$BeanPostProcessorChecker - Bean 'jpaConfig' of type [com.adboard.config.JpaConfig$$SpringCGLIB$$0] is not eligible for getting processed by all BeanPostProcessors (for example: not eligible for auto-proxying). The currently created BeanPostProcessor [exceptionTranslation] is declared through a non-static factory method on that class; consider declaring it as static instead.
2026-05-10 13:14:18.362 INFO  [main] c.adboard.controller.AuthController - REST request to login: seller@test.com
2026-05-10 13:14:18.956 INFO  [main] com.adboard.service.AuthService - User seller@test.com successfully logged in
2026-05-10 13:14:18.962 INFO  [main] com.adboard.service.UserService - Profile data successfully retrieved for user: seller@test.com
2026-05-10 13:14:18.991 INFO  [main] c.adboard.controller.AuthController - REST request to login: commenter@test.com
2026-05-10 13:14:19.236 INFO  [main] com.adboard.service.AuthService - User commenter@test.com successfully logged in
2026-05-10 13:14:19.241 INFO  [main] com.adboard.service.UserService - Profile data successfully retrieved for user: commenter@test.com
2026-05-10 13:14:19.316 INFO  [main] com.adboard.security.JwtAuthFilter - User commenter@test.com successfully authenticated via JWT
2026-05-10 13:14:19.320 INFO  [main] c.a.controller.CommentController - REST request to fetch comments for ad: 1, page=0
2026-05-10 13:14:19.395 INFO  [main] com.adboard.service.CommentService - Successfully retrieved 2 comments for ad 1 (page 1/1)
2026-05-10 13:39:19.530 WARN  [main] o.s.c.s.PostProcessorRegistrationDelegate$BeanPostProcessorChecker - Bean 'jpaConfig' of type [com.adboard.config.JpaConfig$$SpringCGLIB$$0] is not eligible for getting processed by all BeanPostProcessors (for example: not eligible for auto-proxying). The currently created BeanPostProcessor [exceptionTranslation] is declared through a non-static factory method on that class; consider declaring it as static instead.
2026-05-10 13:39:26.985 INFO  [main] c.adboard.controller.AuthController - REST request to login: seller@test.com
2026-05-10 13:39:27.650 INFO  [main] com.adboard.service.AuthService - User seller@test.com successfully logged in
2026-05-10 13:39:27.655 INFO  [main] com.adboard.service.UserService - Profile data successfully retrieved for user: seller@test.com
2026-05-10 13:39:27.681 INFO  [main] c.adboard.controller.AuthController - REST request to login: buyer@test.com
2026-05-10 13:39:27.928 INFO  [main] com.adboard.service.AuthService - User buyer@test.com successfully logged in
2026-05-10 13:39:27.932 INFO  [main] com.adboard.service.UserService - Profile data successfully retrieved for user: buyer@test.com
2026-05-10 13:39:28.245 INFO  [main] com.adboard.security.JwtAuthFilter - User buyer@test.com successfully authenticated via JWT
2026-05-10 13:39:28.251 INFO  [main] c.a.controller.MessageController - REST request to get chat history: ad=1, withUser=1, myUser=buyer@test.com
2026-05-10 13:39:28.395 INFO  [main] com.adboard.service.MessageService - Successfully retrieved 3 messages for conversation: ad=1, withUser=1
2026-05-10 13:39:28.475 INFO  [main] com.adboard.security.JwtAuthFilter - User buyer@test.com successfully authenticated via JWT
2026-05-10 13:39:28.477 INFO  [main] c.a.controller.MessageController - REST request to get chat history: ad=1, withUser=1, myUser=buyer@test.com
2026-05-10 13:39:28.507 INFO  [main] com.adboard.service.MessageService - Successfully retrieved 2 messages for conversation: ad=1, withUser=1
2026-05-10 13:39:29.041 INFO  [main] c.adboard.controller.AuthController - REST request to login: seller@test.com
2026-05-10 13:39:29.300 INFO  [main] com.adboard.service.AuthService - User seller@test.com successfully logged in
2026-05-10 13:39:29.302 INFO  [main] com.adboard.service.UserService - Profile data successfully retrieved for user: seller@test.com
2026-05-10 13:39:29.305 INFO  [main] c.adboard.controller.AuthController - REST request to login: buyer@test.com
2026-05-10 13:39:29.552 INFO  [main] com.adboard.service.AuthService - User buyer@test.com successfully logged in
2026-05-10 13:39:29.556 INFO  [main] com.adboard.service.UserService - Profile data successfully retrieved for user: buyer@test.com
2026-05-10 13:39:29.568 INFO  [main] com.adboard.security.JwtAuthFilter - User buyer@test.com successfully authenticated via JWT
2026-05-10 13:39:29.574 INFO  [main] c.a.controller.MessageController - REST request to send message in ad: 2 to user: null
2026-05-10 13:39:29.603 DEBUG [main] com.adboard.service.MessageService - New conversation created: ad=2, users=4/3
2026-05-10 13:39:29.608 INFO  [main] com.adboard.service.MessageService - Message sent successfully: conversation=2, from=buyer@test.com, to=seller@test.com
2026-05-10 13:39:29.619 INFO  [main] com.adboard.security.JwtAuthFilter - User buyer@test.com successfully authenticated via JWT
2026-05-10 13:39:29.620 INFO  [main] c.a.controller.MessageController - REST request to send message in ad: 2 to user: null
2026-05-10 13:39:29.634 INFO  [main] com.adboard.service.MessageService - Message sent successfully: conversation=2, from=buyer@test.com, to=seller@test.com
2026-05-10 13:39:30.228 INFO  [main] c.adboard.controller.AuthController - REST request to login: seller@test.com
2026-05-10 13:39:30.486 INFO  [main] com.adboard.service.AuthService - User seller@test.com successfully logged in
2026-05-10 13:39:30.489 INFO  [main] com.adboard.service.UserService - Profile data successfully retrieved for user: seller@test.com
2026-05-10 13:39:30.492 INFO  [main] c.adboard.controller.AuthController - REST request to login: buyer@test.com
2026-05-10 13:39:30.744 INFO  [main] com.adboard.service.AuthService - User buyer@test.com successfully logged in
2026-05-10 13:39:30.747 INFO  [main] com.adboard.service.UserService - Profile data successfully retrieved for user: buyer@test.com
2026-05-10 13:39:30.757 INFO  [main] com.adboard.security.JwtAuthFilter - User buyer@test.com successfully authenticated via JWT
2026-05-10 13:39:30.758 INFO  [main] c.a.controller.MessageController - REST request to send message in ad: 3 to user: null
2026-05-10 13:39:30.783 DEBUG [main] com.adboard.service.MessageService - New conversation created: ad=3, users=6/5
2026-05-10 13:39:30.786 INFO  [main] com.adboard.service.MessageService - Message sent successfully: conversation=3, from=buyer@test.com, to=seller@test.com
2026-05-10 13:41:55.948 WARN  [main] o.s.c.s.PostProcessorRegistrationDelegate$BeanPostProcessorChecker - Bean 'jpaConfig' of type [com.adboard.config.JpaConfig$$SpringCGLIB$$0] is not eligible for getting processed by all BeanPostProcessors (for example: not eligible for auto-proxying). The currently created BeanPostProcessor [exceptionTranslation] is declared through a non-static factory method on that class; consider declaring it as static instead.
2026-05-10 13:42:04.096 INFO  [main] c.adboard.controller.AuthController - REST request to login: seller@test.com
2026-05-10 13:42:04.791 INFO  [main] com.adboard.service.AuthService - User seller@test.com successfully logged in
2026-05-10 13:42:04.796 INFO  [main] com.adboard.service.UserService - Profile data successfully retrieved for user: seller@test.com
2026-05-10 13:42:04.824 INFO  [main] c.adboard.controller.AuthController - REST request to login: buyer@test.com
2026-05-10 13:42:05.095 INFO  [main] com.adboard.service.AuthService - User buyer@test.com successfully logged in
2026-05-10 13:42:05.099 INFO  [main] com.adboard.service.UserService - Profile data successfully retrieved for user: buyer@test.com
2026-05-10 13:42:05.465 INFO  [main] com.adboard.security.JwtAuthFilter - User buyer@test.com successfully authenticated via JWT
2026-05-10 13:42:05.473 INFO  [main] c.a.controller.MessageController - REST request to get chat history: ad=1, withUser=1, myUser=buyer@test.com
2026-05-10 13:42:05.627 INFO  [main] com.adboard.service.MessageService - Successfully retrieved 3 messages for conversation: ad=1, withUser=1
2026-05-10 13:42:05.719 INFO  [main] com.adboard.security.JwtAuthFilter - User buyer@test.com successfully authenticated via JWT
2026-05-10 13:42:05.721 INFO  [main] c.a.controller.MessageController - REST request to get chat history: ad=1, withUser=1, myUser=buyer@test.com
2026-05-10 13:42:05.749 INFO  [main] com.adboard.service.MessageService - Successfully retrieved 2 messages for conversation: ad=1, withUser=1
2026-05-10 13:42:06.303 INFO  [main] c.adboard.controller.AuthController - REST request to login: seller@test.com
2026-05-10 13:42:06.562 INFO  [main] com.adboard.service.AuthService - User seller@test.com successfully logged in
2026-05-10 13:42:06.565 INFO  [main] com.adboard.service.UserService - Profile data successfully retrieved for user: seller@test.com
2026-05-10 13:42:06.569 INFO  [main] c.adboard.controller.AuthController - REST request to login: buyer@test.com
2026-05-10 13:42:06.820 INFO  [main] com.adboard.service.AuthService - User buyer@test.com successfully logged in
2026-05-10 13:42:06.824 INFO  [main] com.adboard.service.UserService - Profile data successfully retrieved for user: buyer@test.com
2026-05-10 13:42:06.837 INFO  [main] com.adboard.security.JwtAuthFilter - User buyer@test.com successfully authenticated via JWT
2026-05-10 13:42:06.843 INFO  [main] c.a.controller.MessageController - REST request to send message in ad: 2 to user: null
2026-05-10 13:42:06.877 DEBUG [main] com.adboard.service.MessageService - New conversation created: ad=2, users=4/3
2026-05-10 13:42:06.882 INFO  [main] com.adboard.service.MessageService - Message sent successfully: conversation=2, from=buyer@test.com, to=seller@test.com
2026-05-10 13:42:06.897 INFO  [main] com.adboard.security.JwtAuthFilter - User buyer@test.com successfully authenticated via JWT
2026-05-10 13:42:06.898 INFO  [main] c.a.controller.MessageController - REST request to send message in ad: 2 to user: null
2026-05-10 13:42:06.915 INFO  [main] com.adboard.service.MessageService - Message sent successfully: conversation=2, from=buyer@test.com, to=seller@test.com
2026-05-10 13:42:07.511 INFO  [main] c.adboard.controller.AuthController - REST request to login: seller@test.com
2026-05-10 13:42:07.775 INFO  [main] com.adboard.service.AuthService - User seller@test.com successfully logged in
2026-05-10 13:42:07.780 INFO  [main] com.adboard.service.UserService - Profile data successfully retrieved for user: seller@test.com
2026-05-10 13:42:07.782 INFO  [main] c.adboard.controller.AuthController - REST request to login: buyer@test.com
2026-05-10 13:42:08.036 INFO  [main] com.adboard.service.AuthService - User buyer@test.com successfully logged in
2026-05-10 13:42:08.040 INFO  [main] com.adboard.service.UserService - Profile data successfully retrieved for user: buyer@test.com
2026-05-10 13:42:08.049 INFO  [main] com.adboard.security.JwtAuthFilter - User buyer@test.com successfully authenticated via JWT
2026-05-10 13:42:08.051 INFO  [main] c.a.controller.MessageController - REST request to send message in ad: 3 to user: null
2026-05-10 13:42:08.078 DEBUG [main] com.adboard.service.MessageService - New conversation created: ad=3, users=6/5
2026-05-10 13:42:08.084 INFO  [main] com.adboard.service.MessageService - Message sent successfully: conversation=3, from=buyer@test.com, to=seller@test.com
2026-05-10 14:05:15.233 WARN  [main] o.s.c.s.PostProcessorRegistrationDelegate$BeanPostProcessorChecker - Bean 'jpaConfig' of type [com.adboard.config.JpaConfig$$SpringCGLIB$$0] is not eligible for getting processed by all BeanPostProcessors (for example: not eligible for auto-proxying). The currently created BeanPostProcessor [exceptionTranslation] is declared through a non-static factory method on that class; consider declaring it as static instead.
2026-05-10 14:05:22.283 INFO  [main] c.adboard.controller.AuthController - REST request to login: seller@test.com
2026-05-10 14:05:22.904 INFO  [main] com.adboard.service.AuthService - User seller@test.com successfully logged in
2026-05-10 14:05:22.911 INFO  [main] com.adboard.service.UserService - Profile data successfully retrieved for user: seller@test.com
2026-05-10 14:05:22.940 INFO  [main] c.adboard.controller.AuthController - REST request to login: other@test.com
2026-05-10 14:05:23.195 INFO  [main] com.adboard.service.AuthService - User other@test.com successfully logged in
2026-05-10 14:05:23.200 INFO  [main] com.adboard.service.UserService - Profile data successfully retrieved for user: other@test.com
2026-05-10 14:05:23.261 INFO  [main] com.adboard.security.JwtAuthFilter - User seller@test.com successfully authenticated via JWT
2026-05-10 14:05:23.264 INFO  [main] com.adboard.controller.AdController - REST request to search ads: page=0, size=10, keyword=null, categoryId=null
2026-05-10 14:05:23.335 INFO  [main] com.adboard.service.AdService - Search completed: found 3 ads (page 1/1) for filters: keyword=null, category=null
2026-05-10 14:05:23.930 INFO  [main] c.adboard.controller.AuthController - REST request to login: seller@test.com
2026-05-10 14:05:24.177 INFO  [main] com.adboard.service.AuthService - User seller@test.com successfully logged in
2026-05-10 14:05:24.181 INFO  [main] com.adboard.service.UserService - Profile data successfully retrieved for user: seller@test.com
2026-05-10 14:05:24.183 INFO  [main] c.adboard.controller.AuthController - REST request to login: other@test.com
2026-05-10 14:05:24.431 INFO  [main] com.adboard.service.AuthService - User other@test.com successfully logged in
2026-05-10 14:05:24.435 INFO  [main] com.adboard.service.UserService - Profile data successfully retrieved for user: other@test.com
2026-05-10 14:05:24.444 INFO  [main] com.adboard.security.JwtAuthFilter - User seller@test.com successfully authenticated via JWT
2026-05-10 14:05:24.447 INFO  [main] c.a.controller.PromotionController - REST request to promote ad: 4 by user: seller@test.com
2026-05-10 14:05:24.487 INFO  [main] com.adboard.service.AdService - Ad 4 successfully promoted for user seller@test.com. Expires at: 2026-06-09T14:05:24.486874600
2026-05-10 14:05:25.092 INFO  [main] c.adboard.controller.AuthController - REST request to login: seller@test.com
2026-05-10 14:05:25.338 INFO  [main] com.adboard.service.AuthService - User seller@test.com successfully logged in
2026-05-10 14:05:25.341 INFO  [main] com.adboard.service.UserService - Profile data successfully retrieved for user: seller@test.com
2026-05-10 14:05:25.344 INFO  [main] c.adboard.controller.AuthController - REST request to login: other@test.com
2026-05-10 14:05:25.589 INFO  [main] com.adboard.service.AuthService - User other@test.com successfully logged in
2026-05-10 14:05:25.593 INFO  [main] com.adboard.service.UserService - Profile data successfully retrieved for user: other@test.com
2026-05-10 14:05:25.603 INFO  [main] com.adboard.security.JwtAuthFilter - User seller@test.com successfully authenticated via JWT
2026-05-10 14:05:25.603 INFO  [main] c.a.controller.PromotionController - REST request to promote ad: 5 by user: seller@test.com
2026-05-10 14:05:25.617 ERROR [main] c.a.exception.GlobalExceptionHandler - Business logic conflict: Ad is already promoted
2026-05-10 14:05:26.130 INFO  [main] c.adboard.controller.AuthController - REST request to login: seller@test.com
2026-05-10 14:05:26.375 INFO  [main] com.adboard.service.AuthService - User seller@test.com successfully logged in
2026-05-10 14:05:26.379 INFO  [main] com.adboard.service.UserService - Profile data successfully retrieved for user: seller@test.com
2026-05-10 14:05:26.381 INFO  [main] c.adboard.controller.AuthController - REST request to login: other@test.com
2026-05-10 14:05:26.626 INFO  [main] com.adboard.service.AuthService - User other@test.com successfully logged in
2026-05-10 14:05:26.629 INFO  [main] com.adboard.service.UserService - Profile data successfully retrieved for user: other@test.com
2026-05-10 14:05:26.641 INFO  [main] com.adboard.security.JwtAuthFilter - User other@test.com successfully authenticated via JWT
2026-05-10 14:05:26.642 INFO  [main] c.a.controller.PromotionController - REST request to promote ad: 6 by user: other@test.com
2026-05-10 14:05:26.653 ERROR [main] c.a.exception.GlobalExceptionHandler - Access denied: You don't own this ad
2026-05-10 14:06:02.060 WARN  [main] o.s.c.s.PostProcessorRegistrationDelegate$BeanPostProcessorChecker - Bean 'jpaConfig' of type [com.adboard.config.JpaConfig$$SpringCGLIB$$0] is not eligible for getting processed by all BeanPostProcessors (for example: not eligible for auto-proxying). The currently created BeanPostProcessor [exceptionTranslation] is declared through a non-static factory method on that class; consider declaring it as static instead.
2026-05-10 14:06:08.700 INFO  [main] c.adboard.controller.AuthController - REST request to login: seller@test.com
2026-05-10 14:06:09.410 INFO  [main] com.adboard.service.AuthService - User seller@test.com successfully logged in
2026-05-10 14:06:09.418 INFO  [main] com.adboard.service.UserService - Profile data successfully retrieved for user: seller@test.com
2026-05-10 14:06:09.447 INFO  [main] c.adboard.controller.AuthController - REST request to login: other@test.com
2026-05-10 14:06:09.696 INFO  [main] com.adboard.service.AuthService - User other@test.com successfully logged in
2026-05-10 14:06:09.700 INFO  [main] com.adboard.service.UserService - Profile data successfully retrieved for user: other@test.com
2026-05-10 14:06:09.768 INFO  [main] com.adboard.security.JwtAuthFilter - User seller@test.com successfully authenticated via JWT
2026-05-10 14:06:09.773 INFO  [main] com.adboard.controller.AdController - REST request to search ads: page=0, size=10, keyword=null, categoryId=null
2026-05-10 14:06:09.839 INFO  [main] com.adboard.service.AdService - Search completed: found 3 ads (page 1/1) for filters: keyword=null, category=null
2026-05-10 14:06:10.403 INFO  [main] c.adboard.controller.AuthController - REST request to login: seller@test.com
2026-05-10 14:06:10.650 INFO  [main] com.adboard.service.AuthService - User seller@test.com successfully logged in
2026-05-10 14:06:10.654 INFO  [main] com.adboard.service.UserService - Profile data successfully retrieved for user: seller@test.com
2026-05-10 14:06:10.656 INFO  [main] c.adboard.controller.AuthController - REST request to login: other@test.com
2026-05-10 14:06:10.911 INFO  [main] com.adboard.service.AuthService - User other@test.com successfully logged in
2026-05-10 14:06:10.915 INFO  [main] com.adboard.service.UserService - Profile data successfully retrieved for user: other@test.com
2026-05-10 14:06:10.925 INFO  [main] com.adboard.security.JwtAuthFilter - User seller@test.com successfully authenticated via JWT
2026-05-10 14:06:10.928 INFO  [main] c.a.controller.PromotionController - REST request to promote ad: 4 by user: seller@test.com
2026-05-10 14:06:10.970 INFO  [main] com.adboard.service.AdService - Ad 4 successfully promoted for user seller@test.com. Expires at: 2026-06-09T14:06:10.970846900
2026-05-10 14:06:11.559 INFO  [main] c.adboard.controller.AuthController - REST request to login: seller@test.com
2026-05-10 14:06:11.806 INFO  [main] com.adboard.service.AuthService - User seller@test.com successfully logged in
2026-05-10 14:06:11.811 INFO  [main] com.adboard.service.UserService - Profile data successfully retrieved for user: seller@test.com
2026-05-10 14:06:11.813 INFO  [main] c.adboard.controller.AuthController - REST request to login: other@test.com
2026-05-10 14:06:12.058 INFO  [main] com.adboard.service.AuthService - User other@test.com successfully logged in
2026-05-10 14:06:12.061 INFO  [main] com.adboard.service.UserService - Profile data successfully retrieved for user: other@test.com
2026-05-10 14:06:12.071 INFO  [main] com.adboard.security.JwtAuthFilter - User seller@test.com successfully authenticated via JWT
2026-05-10 14:06:12.071 INFO  [main] c.a.controller.PromotionController - REST request to promote ad: 5 by user: seller@test.com
2026-05-10 14:06:12.085 ERROR [main] c.a.exception.GlobalExceptionHandler - Business logic conflict: Ad is already promoted
2026-05-10 14:06:12.600 INFO  [main] c.adboard.controller.AuthController - REST request to login: seller@test.com
2026-05-10 14:06:12.846 INFO  [main] com.adboard.service.AuthService - User seller@test.com successfully logged in
2026-05-10 14:06:12.851 INFO  [main] com.adboard.service.UserService - Profile data successfully retrieved for user: seller@test.com
2026-05-10 14:06:12.852 INFO  [main] c.adboard.controller.AuthController - REST request to login: other@test.com
2026-05-10 14:06:13.101 INFO  [main] com.adboard.service.AuthService - User other@test.com successfully logged in
2026-05-10 14:06:13.106 INFO  [main] com.adboard.service.UserService - Profile data successfully retrieved for user: other@test.com
2026-05-10 14:06:13.117 INFO  [main] com.adboard.security.JwtAuthFilter - User other@test.com successfully authenticated via JWT
2026-05-10 14:06:13.117 INFO  [main] c.a.controller.PromotionController - REST request to promote ad: 6 by user: other@test.com
2026-05-10 14:06:13.129 ERROR [main] c.a.exception.GlobalExceptionHandler - Access denied: You don't own this ad
2026-05-10 14:20:19.963 WARN  [main] o.s.c.s.PostProcessorRegistrationDelegate$BeanPostProcessorChecker - Bean 'jpaConfig' of type [com.adboard.config.JpaConfig$$SpringCGLIB$$0] is not eligible for getting processed by all BeanPostProcessors (for example: not eligible for auto-proxying). The currently created BeanPostProcessor [exceptionTranslation] is declared through a non-static factory method on that class; consider declaring it as static instead.
2026-05-10 14:20:26.998 INFO  [main] c.adboard.controller.AuthController - REST request to login: rev1@test.com
2026-05-10 14:20:27.598 INFO  [main] com.adboard.service.AuthService - User rev1@test.com successfully logged in
2026-05-10 14:20:27.603 INFO  [main] com.adboard.service.UserService - Profile data successfully retrieved for user: rev1@test.com
2026-05-10 14:20:27.626 INFO  [main] c.adboard.controller.AuthController - REST request to login: rev2@test.com
2026-05-10 14:20:27.883 INFO  [main] com.adboard.service.AuthService - User rev2@test.com successfully logged in
2026-05-10 14:20:27.887 INFO  [main] com.adboard.service.UserService - Profile data successfully retrieved for user: rev2@test.com
2026-05-10 14:20:27.901 INFO  [main] c.adboard.controller.AuthController - REST request to login: rev1@test.com
2026-05-10 14:20:28.149 INFO  [main] com.adboard.service.AuthService - User rev1@test.com successfully logged in
2026-05-10 14:20:28.152 INFO  [main] com.adboard.service.UserService - Profile data successfully retrieved for user: rev1@test.com
2026-05-10 14:20:28.196 INFO  [main] com.adboard.security.JwtAuthFilter - User rev1@test.com successfully authenticated via JWT
2026-05-10 14:20:28.206 INFO  [main] c.a.controller.ReviewController - REST request to add review for seller: 1 by user: rev1@test.com
2026-05-10 14:20:28.254 INFO  [main] com.adboard.service.ReviewService - Review added successfully: sellerId=1, reviewer=rev1@test.com, rating=5
2026-05-10 14:20:28.259 INFO  [main] c.adboard.controller.AuthController - REST request to login: rev2@test.com
2026-05-10 14:20:28.508 INFO  [main] com.adboard.service.AuthService - User rev2@test.com successfully logged in
2026-05-10 14:20:28.512 INFO  [main] com.adboard.service.UserService - Profile data successfully retrieved for user: rev2@test.com
2026-05-10 14:20:28.518 INFO  [main] com.adboard.security.JwtAuthFilter - User rev2@test.com successfully authenticated via JWT
2026-05-10 14:20:28.520 INFO  [main] c.a.controller.ReviewController - REST request to add review for seller: 1 by user: rev2@test.com
2026-05-10 14:20:28.535 INFO  [main] com.adboard.service.ReviewService - Review added successfully: sellerId=1, reviewer=rev2@test.com, rating=5
2026-05-10 14:20:28.537 INFO  [main] c.adboard.controller.AuthController - REST request to login: rev1@test.com
2026-05-10 14:20:28.786 INFO  [main] com.adboard.service.AuthService - User rev1@test.com successfully logged in
2026-05-10 14:20:28.789 INFO  [main] com.adboard.service.UserService - Profile data successfully retrieved for user: rev1@test.com
2026-05-10 14:20:28.795 INFO  [main] com.adboard.security.JwtAuthFilter - User rev1@test.com successfully authenticated via JWT
2026-05-10 14:20:28.797 INFO  [main] c.a.controller.ReviewController - REST request to add review for seller: 2 by user: rev1@test.com
2026-05-10 14:20:28.811 INFO  [main] com.adboard.service.ReviewService - Review added successfully: sellerId=2, reviewer=rev1@test.com, rating=1
2026-05-10 14:20:28.813 INFO  [main] c.adboard.controller.AuthController - REST request to login: rev2@test.com
2026-05-10 14:20:29.060 INFO  [main] com.adboard.service.AuthService - User rev2@test.com successfully logged in
2026-05-10 14:20:29.065 INFO  [main] com.adboard.service.UserService - Profile data successfully retrieved for user: rev2@test.com
2026-05-10 14:20:29.071 INFO  [main] com.adboard.security.JwtAuthFilter - User rev2@test.com successfully authenticated via JWT
2026-05-10 14:20:29.072 INFO  [main] c.a.controller.ReviewController - REST request to add review for seller: 2 by user: rev2@test.com
2026-05-10 14:20:29.086 INFO  [main] com.adboard.service.ReviewService - Review added successfully: sellerId=2, reviewer=rev2@test.com, rating=1
2026-05-10 14:20:29.090 INFO  [main] c.adboard.controller.AuthController - REST request to login: good@test.com
2026-05-10 14:20:29.336 INFO  [main] com.adboard.service.AuthService - User good@test.com successfully logged in
2026-05-10 14:20:29.339 INFO  [main] com.adboard.service.UserService - Profile data successfully retrieved for user: good@test.com
2026-05-10 14:20:29.345 INFO  [main] com.adboard.security.JwtAuthFilter - User good@test.com successfully authenticated via JWT
2026-05-10 14:20:29.346 INFO  [main] c.a.controller.ReviewController - REST request to add review for seller: 1 by user: good@test.com
2026-05-10 14:20:29.355 ERROR [main] c.a.exception.GlobalExceptionHandler - Bad request: Cannot leave a review for yourself
2026-05-10 14:20:30.377 INFO  [main] c.adboard.controller.AuthController - REST request to login: rev1@test.com
2026-05-10 14:20:30.622 INFO  [main] com.adboard.service.AuthService - User rev1@test.com successfully logged in
2026-05-10 14:20:30.625 INFO  [main] com.adboard.service.UserService - Profile data successfully retrieved for user: rev1@test.com
2026-05-10 14:20:30.627 INFO  [main] c.adboard.controller.AuthController - REST request to login: rev2@test.com
2026-05-10 14:20:30.871 INFO  [main] com.adboard.service.AuthService - User rev2@test.com successfully logged in
2026-05-10 14:20:30.875 INFO  [main] com.adboard.service.UserService - Profile data successfully retrieved for user: rev2@test.com
2026-05-10 14:20:30.885 INFO  [main] c.adboard.controller.AuthController - REST request to login: rev1@test.com
2026-05-10 14:20:31.134 INFO  [main] com.adboard.service.AuthService - User rev1@test.com successfully logged in
2026-05-10 14:20:31.139 INFO  [main] com.adboard.service.UserService - Profile data successfully retrieved for user: rev1@test.com
2026-05-10 14:20:31.144 INFO  [main] com.adboard.security.JwtAuthFilter - User rev1@test.com successfully authenticated via JWT
2026-05-10 14:20:31.145 INFO  [main] c.a.controller.ReviewController - REST request to add review for seller: 5 by user: rev1@test.com
2026-05-10 14:20:31.158 INFO  [main] com.adboard.service.ReviewService - Review added successfully: sellerId=5, reviewer=rev1@test.com, rating=5
2026-05-10 14:20:31.160 INFO  [main] c.adboard.controller.AuthController - REST request to login: rev2@test.com
2026-05-10 14:20:31.405 INFO  [main] com.adboard.service.AuthService - User rev2@test.com successfully logged in
2026-05-10 14:20:31.409 INFO  [main] com.adboard.service.UserService - Profile data successfully retrieved for user: rev2@test.com
2026-05-10 14:20:31.414 INFO  [main] com.adboard.security.JwtAuthFilter - User rev2@test.com successfully authenticated via JWT
2026-05-10 14:20:31.416 INFO  [main] c.a.controller.ReviewController - REST request to add review for seller: 5 by user: rev2@test.com
2026-05-10 14:20:31.428 INFO  [main] com.adboard.service.ReviewService - Review added successfully: sellerId=5, reviewer=rev2@test.com, rating=5
2026-05-10 14:20:31.430 INFO  [main] c.adboard.controller.AuthController - REST request to login: rev1@test.com
2026-05-10 14:20:31.677 INFO  [main] com.adboard.service.AuthService - User rev1@test.com successfully logged in
2026-05-10 14:20:31.681 INFO  [main] com.adboard.service.UserService - Profile data successfully retrieved for user: rev1@test.com
2026-05-10 14:20:31.687 INFO  [main] com.adboard.security.JwtAuthFilter - User rev1@test.com successfully authenticated via JWT
2026-05-10 14:20:31.688 INFO  [main] c.a.controller.ReviewController - REST request to add review for seller: 6 by user: rev1@test.com
2026-05-10 14:20:31.701 INFO  [main] com.adboard.service.ReviewService - Review added successfully: sellerId=6, reviewer=rev1@test.com, rating=1
2026-05-10 14:20:31.703 INFO  [main] c.adboard.controller.AuthController - REST request to login: rev2@test.com
2026-05-10 14:20:31.949 INFO  [main] com.adboard.service.AuthService - User rev2@test.com successfully logged in
2026-05-10 14:20:31.953 INFO  [main] com.adboard.service.UserService - Profile data successfully retrieved for user: rev2@test.com
2026-05-10 14:20:31.958 INFO  [main] com.adboard.security.JwtAuthFilter - User rev2@test.com successfully authenticated via JWT
2026-05-10 14:20:31.959 INFO  [main] c.a.controller.ReviewController - REST request to add review for seller: 6 by user: rev2@test.com
2026-05-10 14:20:31.972 INFO  [main] com.adboard.service.ReviewService - Review added successfully: sellerId=6, reviewer=rev2@test.com, rating=1
2026-05-10 14:20:31.978 INFO  [main] com.adboard.security.JwtAuthFilter - User rev2@test.com successfully authenticated via JWT
2026-05-10 14:20:31.979 INFO  [main] c.a.controller.ReviewController - REST request to add review for seller: 5 by user: rev2@test.com
2026-05-10 14:20:31.988 ERROR [main] c.a.exception.GlobalExceptionHandler - Business logic conflict: You have already reviewed this seller
2026-05-10 14:20:33.001 INFO  [main] c.adboard.controller.AuthController - REST request to login: rev1@test.com
2026-05-10 14:20:33.247 INFO  [main] com.adboard.service.AuthService - User rev1@test.com successfully logged in
2026-05-10 14:20:33.250 INFO  [main] com.adboard.service.UserService - Profile data successfully retrieved for user: rev1@test.com
2026-05-10 14:20:33.252 INFO  [main] c.adboard.controller.AuthController - REST request to login: rev2@test.com
2026-05-10 14:20:33.498 INFO  [main] com.adboard.service.AuthService - User rev2@test.com successfully logged in
2026-05-10 14:20:33.503 INFO  [main] com.adboard.service.UserService - Profile data successfully retrieved for user: rev2@test.com
2026-05-10 14:20:33.513 INFO  [main] c.adboard.controller.AuthController - REST request to login: rev1@test.com
2026-05-10 14:20:33.757 INFO  [main] com.adboard.service.AuthService - User rev1@test.com successfully logged in
2026-05-10 14:20:33.762 INFO  [main] com.adboard.service.UserService - Profile data successfully retrieved for user: rev1@test.com
2026-05-10 14:20:33.768 INFO  [main] com.adboard.security.JwtAuthFilter - User rev1@test.com successfully authenticated via JWT
2026-05-10 14:20:33.769 INFO  [main] c.a.controller.ReviewController - REST request to add review for seller: 9 by user: rev1@test.com
2026-05-10 14:20:33.782 INFO  [main] com.adboard.service.ReviewService - Review added successfully: sellerId=9, reviewer=rev1@test.com, rating=5
2026-05-10 14:20:33.784 INFO  [main] c.adboard.controller.AuthController - REST request to login: rev2@test.com
2026-05-10 14:20:34.030 INFO  [main] com.adboard.service.AuthService - User rev2@test.com successfully logged in
2026-05-10 14:20:34.033 INFO  [main] com.adboard.service.UserService - Profile data successfully retrieved for user: rev2@test.com
2026-05-10 14:20:34.038 INFO  [main] com.adboard.security.JwtAuthFilter - User rev2@test.com successfully authenticated via JWT
2026-05-10 14:20:34.040 INFO  [main] c.a.controller.ReviewController - REST request to add review for seller: 9 by user: rev2@test.com
2026-05-10 14:20:34.052 INFO  [main] com.adboard.service.ReviewService - Review added successfully: sellerId=9, reviewer=rev2@test.com, rating=5
2026-05-10 14:20:34.054 INFO  [main] c.adboard.controller.AuthController - REST request to login: rev1@test.com
2026-05-10 14:20:34.298 INFO  [main] com.adboard.service.AuthService - User rev1@test.com successfully logged in
2026-05-10 14:20:34.302 INFO  [main] com.adboard.service.UserService - Profile data successfully retrieved for user: rev1@test.com
2026-05-10 14:20:34.307 INFO  [main] com.adboard.security.JwtAuthFilter - User rev1@test.com successfully authenticated via JWT
2026-05-10 14:20:34.308 INFO  [main] c.a.controller.ReviewController - REST request to add review for seller: 10 by user: rev1@test.com
2026-05-10 14:20:34.322 INFO  [main] com.adboard.service.ReviewService - Review added successfully: sellerId=10, reviewer=rev1@test.com, rating=1
2026-05-10 14:20:34.324 INFO  [main] c.adboard.controller.AuthController - REST request to login: rev2@test.com
2026-05-10 14:20:34.569 INFO  [main] com.adboard.service.AuthService - User rev2@test.com successfully logged in
2026-05-10 14:20:34.572 INFO  [main] com.adboard.service.UserService - Profile data successfully retrieved for user: rev2@test.com
2026-05-10 14:20:34.578 INFO  [main] com.adboard.security.JwtAuthFilter - User rev2@test.com successfully authenticated via JWT
2026-05-10 14:20:34.579 INFO  [main] c.a.controller.ReviewController - REST request to add review for seller: 10 by user: rev2@test.com
2026-05-10 14:20:34.591 INFO  [main] com.adboard.service.ReviewService - Review added successfully: sellerId=10, reviewer=rev2@test.com, rating=1
2026-05-10 14:20:34.597 INFO  [main] com.adboard.security.JwtAuthFilter - User rev1@test.com successfully authenticated via JWT
2026-05-10 14:20:34.600 INFO  [main] com.adboard.controller.AdController - REST request to search ads: page=0, size=10, keyword=null, categoryId=null
2026-05-10 14:20:34.663 ERROR [main] c.a.exception.GlobalExceptionHandler - Internal server error: 
org.springframework.dao.InvalidDataAccessApiUsageException: Could not resolve attribute 'reviews' of 'com.adboard.entity.User'
	at org.springframework.orm.jpa.EntityManagerFactoryUtils.convertJpaAccessExceptionIfPossible(EntityManagerFactoryUtils.java:371)
	at org.springframework.orm.jpa.vendor.HibernateJpaDialect.translateExceptionIfPossible(HibernateJpaDialect.java:246)
	at org.springframework.orm.jpa.AbstractEntityManagerFactoryBean.translateExceptionIfPossible(AbstractEntityManagerFactoryBean.java:550)
	at org.springframework.dao.support.ChainedPersistenceExceptionTranslator.translateExceptionIfPossible(ChainedPersistenceExceptionTranslator.java:61)
	at org.springframework.dao.support.DataAccessUtils.translateIfNecessary(DataAccessUtils.java:335)
	at org.springframework.dao.support.PersistenceExceptionTranslationInterceptor.invoke(PersistenceExceptionTranslationInterceptor.java:152)
	at org.springframework.aop.framework.ReflectiveMethodInvocation.proceed(ReflectiveMethodInvocation.java:184)
	at org.springframework.aop.framework.JdkDynamicAopProxy.invoke(JdkDynamicAopProxy.java:220)
	at jdk.proxy2/jdk.proxy2.$Proxy149.search(Unknown Source)
	at com.adboard.service.AdService.searchAds(AdService.java:51)
	at java.base/jdk.internal.reflect.NativeMethodAccessorImpl.invoke0(Native Method)
	at java.base/jdk.internal.reflect.NativeMethodAccessorImpl.invoke(NativeMethodAccessorImpl.java:77)
	at java.base/jdk.internal.reflect.DelegatingMethodAccessorImpl.invoke(DelegatingMethodAccessorImpl.java:43)
	at java.base/java.lang.reflect.Method.invoke(Method.java:569)
	at org.springframework.aop.support.AopUtils.invokeJoinpointUsingReflection(AopUtils.java:351)
	at org.springframework.aop.framework.ReflectiveMethodInvocation.invokeJoinpoint(ReflectiveMethodInvocation.java:196)
	at org.springframework.aop.framework.ReflectiveMethodInvocation.proceed(ReflectiveMethodInvocation.java:163)
	at org.springframework.aop.framework.CglibAopProxy$CglibMethodInvocation.proceed(CglibAopProxy.java:765)
	at org.springframework.transaction.interceptor.TransactionInterceptor$1.proceedWithInvocation(TransactionInterceptor.java:123)
	at org.springframework.transaction.interceptor.TransactionAspectSupport.invokeWithinTransaction(TransactionAspectSupport.java:392)
	at org.springframework.transaction.interceptor.TransactionInterceptor.invoke(TransactionInterceptor.java:119)
	at org.springframework.aop.framework.ReflectiveMethodInvocation.proceed(ReflectiveMethodInvocation.java:184)
	at org.springframework.aop.framework.CglibAopProxy$CglibMethodInvocation.proceed(CglibAopProxy.java:765)
	at org.springframework.aop.framework.CglibAopProxy$DynamicAdvisedInterceptor.intercept(CglibAopProxy.java:717)
	at com.adboard.service.AdService$$SpringCGLIB$$0.searchAds(<generated>)
	at com.adboard.controller.AdController.searchAds(AdController.java:48)
	at java.base/jdk.internal.reflect.NativeMethodAccessorImpl.invoke0(Native Method)
	at java.base/jdk.internal.reflect.NativeMethodAccessorImpl.invoke(NativeMethodAccessorImpl.java:77)
	at java.base/jdk.internal.reflect.DelegatingMethodAccessorImpl.invoke(DelegatingMethodAccessorImpl.java:43)
	at java.base/java.lang.reflect.Method.invoke(Method.java:569)
	at org.springframework.aop.support.AopUtils.invokeJoinpointUsingReflection(AopUtils.java:351)
	at org.springframework.aop.framework.CglibAopProxy$DynamicAdvisedInterceptor.intercept(CglibAopProxy.java:713)
	at com.adboard.controller.AdController$$SpringCGLIB$$0.searchAds(<generated>)
	at java.base/jdk.internal.reflect.NativeMethodAccessorImpl.invoke0(Native Method)
	at java.base/jdk.internal.reflect.NativeMethodAccessorImpl.invoke(NativeMethodAccessorImpl.java:77)
	at java.base/jdk.internal.reflect.DelegatingMethodAccessorImpl.invoke(DelegatingMethodAccessorImpl.java:43)
	at java.base/java.lang.reflect.Method.invoke(Method.java:569)
	at org.springframework.web.method.support.InvocableHandlerMethod.doInvoke(InvocableHandlerMethod.java:255)
	at org.springframework.web.method.support.InvocableHandlerMethod.invokeForRequest(InvocableHandlerMethod.java:188)
	at org.springframework.web.servlet.mvc.method.annotation.ServletInvocableHandlerMethod.invokeAndHandle(ServletInvocableHandlerMethod.java:118)
	at org.springframework.web.servlet.mvc.method.annotation.RequestMappingHandlerAdapter.invokeHandlerMethod(RequestMappingHandlerAdapter.java:925)
	at org.springframework.web.servlet.mvc.method.annotation.RequestMappingHandlerAdapter.handleInternal(RequestMappingHandlerAdapter.java:830)
	at org.springframework.web.servlet.mvc.method.AbstractHandlerMethodAdapter.handle(AbstractHandlerMethodAdapter.java:87)
	at org.springframework.web.servlet.DispatcherServlet.doDispatch(DispatcherServlet.java:1089)
	at org.springframework.web.servlet.DispatcherServlet.doService(DispatcherServlet.java:979)
	at org.springframework.web.servlet.FrameworkServlet.processRequest(FrameworkServlet.java:1014)
	at org.springframework.web.servlet.FrameworkServlet.doGet(FrameworkServlet.java:903)
	at jakarta.servlet.http.HttpServlet.service(HttpServlet.java:527)
	at org.springframework.web.servlet.FrameworkServlet.service(FrameworkServlet.java:885)
	at org.springframework.test.web.servlet.TestDispatcherServlet.service(TestDispatcherServlet.java:72)
	at jakarta.servlet.http.HttpServlet.service(HttpServlet.java:614)
	at org.springframework.mock.web.MockFilterChain$ServletFilterProxy.doFilter(MockFilterChain.java:165)
	at org.springframework.mock.web.MockFilterChain.doFilter(MockFilterChain.java:132)
	at org.springframework.web.filter.CompositeFilter$VirtualFilterChain.doFilter(CompositeFilter.java:108)
	at org.springframework.security.web.FilterChainProxy.lambda$doFilterInternal$3(FilterChainProxy.java:231)
	at org.springframework.security.web.FilterChainProxy$VirtualFilterChain.doFilter(FilterChainProxy.java:365)
	at org.springframework.security.web.access.intercept.AuthorizationFilter.doFilter(AuthorizationFilter.java:100)
	at org.springframework.security.web.FilterChainProxy$VirtualFilterChain.doFilter(FilterChainProxy.java:374)
	at org.springframework.security.web.access.ExceptionTranslationFilter.doFilter(ExceptionTranslationFilter.java:126)
	at org.springframework.security.web.access.ExceptionTranslationFilter.doFilter(ExceptionTranslationFilter.java:120)
	at org.springframework.security.web.FilterChainProxy$VirtualFilterChain.doFilter(FilterChainProxy.java:374)
	at org.springframework.security.web.session.SessionManagementFilter.doFilter(SessionManagementFilter.java:131)
	at org.springframework.security.web.session.SessionManagementFilter.doFilter(SessionManagementFilter.java:85)
	at org.springframework.security.web.FilterChainProxy$VirtualFilterChain.doFilter(FilterChainProxy.java:374)
	at org.springframework.security.web.authentication.AnonymousAuthenticationFilter.doFilter(AnonymousAuthenticationFilter.java:100)
	at org.springframework.security.web.FilterChainProxy$VirtualFilterChain.doFilter(FilterChainProxy.java:374)
	at org.springframework.security.web.servletapi.SecurityContextHolderAwareRequestFilter.doFilter(SecurityContextHolderAwareRequestFilter.java:179)
	at org.springframework.security.web.FilterChainProxy$VirtualFilterChain.doFilter(FilterChainProxy.java:374)
	at org.springframework.security.web.savedrequest.RequestCacheAwareFilter.doFilter(RequestCacheAwareFilter.java:63)
	at org.springframework.security.web.FilterChainProxy$VirtualFilterChain.doFilter(FilterChainProxy.java:374)
	at com.adboard.security.JwtAuthFilter.doFilterInternal(JwtAuthFilter.java:64)
	at org.springframework.web.filter.OncePerRequestFilter.doFilter(OncePerRequestFilter.java:116)
	at org.springframework.security.web.FilterChainProxy$VirtualFilterChain.doFilter(FilterChainProxy.java:374)
	at org.springframework.security.web.authentication.logout.LogoutFilter.doFilter(LogoutFilter.java:107)
	at org.springframework.security.web.authentication.logout.LogoutFilter.doFilter(LogoutFilter.java:93)
	at org.springframework.security.web.FilterChainProxy$VirtualFilterChain.doFilter(FilterChainProxy.java:374)
	at org.springframework.web.filter.CorsFilter.doFilterInternal(CorsFilter.java:91)
	at org.springframework.web.filter.OncePerRequestFilter.doFilter(OncePerRequestFilter.java:116)
	at org.springframework.security.web.FilterChainProxy$VirtualFilterChain.doFilter(FilterChainProxy.java:374)
	at org.springframework.security.web.header.HeaderWriterFilter.doHeadersAfter(HeaderWriterFilter.java:90)
	at org.springframework.security.web.header.HeaderWriterFilter.doFilterInternal(HeaderWriterFilter.java:75)
	at org.springframework.web.filter.OncePerRequestFilter.doFilter(OncePerRequestFilter.java:116)
	at org.springframework.security.web.FilterChainProxy$VirtualFilterChain.doFilter(FilterChainProxy.java:374)
	at org.springframework.security.web.context.SecurityContextHolderFilter.doFilter(SecurityContextHolderFilter.java:82)
	at org.springframework.security.web.context.SecurityContextHolderFilter.doFilter(SecurityContextHolderFilter.java:69)
	at org.springframework.security.web.FilterChainProxy$VirtualFilterChain.doFilter(FilterChainProxy.java:374)
	at org.springframework.security.web.context.request.async.WebAsyncManagerIntegrationFilter.doFilterInternal(WebAsyncManagerIntegrationFilter.java:62)
	at org.springframework.web.filter.OncePerRequestFilter.doFilter(OncePerRequestFilter.java:116)
	at org.springframework.security.web.FilterChainProxy$VirtualFilterChain.doFilter(FilterChainProxy.java:374)
	at org.springframework.security.web.session.DisableEncodeUrlFilter.doFilterInternal(DisableEncodeUrlFilter.java:42)
	at org.springframework.web.filter.OncePerRequestFilter.doFilter(OncePerRequestFilter.java:116)
	at org.springframework.security.web.FilterChainProxy$VirtualFilterChain.doFilter(FilterChainProxy.java:374)
	at org.springframework.security.web.FilterChainProxy.doFilterInternal(FilterChainProxy.java:233)
	at org.springframework.security.web.FilterChainProxy.doFilter(FilterChainProxy.java:191)
	at org.springframework.web.filter.CompositeFilter$VirtualFilterChain.doFilter(CompositeFilter.java:113)
	at org.springframework.web.servlet.handler.HandlerMappingIntrospector.lambda$createCacheFilter$3(HandlerMappingIntrospector.java:195)
	at org.springframework.web.filter.CompositeFilter$VirtualFilterChain.doFilter(CompositeFilter.java:113)
	at org.springframework.web.filter.CompositeFilter.doFilter(CompositeFilter.java:74)
	at org.springframework.security.config.annotation.web.configuration.WebMvcSecurityConfiguration$CompositeFilterChainProxy.doFilter(WebMvcSecurityConfiguration.java:230)
	at org.springframework.security.test.web.servlet.setup.SecurityMockMvcConfigurer$DelegateFilter.doFilter(SecurityMockMvcConfigurer.java:132)
	at org.springframework.mock.web.MockFilterChain.doFilter(MockFilterChain.java:132)
	at org.springframework.test.web.servlet.MockMvc.perform(MockMvc.java:201)
	at com.adboard.integration.ReviewAndRatingTest.searchAds_higherRatedSellersAppearFirst(ReviewAndRatingTest.java:205)
	at java.base/jdk.internal.reflect.NativeMethodAccessorImpl.invoke0(Native Method)
	at java.base/jdk.internal.reflect.NativeMethodAccessorImpl.invoke(NativeMethodAccessorImpl.java:77)
	at java.base/jdk.internal.reflect.DelegatingMethodAccessorImpl.invoke(DelegatingMethodAccessorImpl.java:43)
	at java.base/java.lang.reflect.Method.invoke(Method.java:569)
	at org.junit.platform.commons.util.ReflectionUtils.invokeMethod(ReflectionUtils.java:728)
	at org.junit.jupiter.engine.execution.MethodInvocation.proceed(MethodInvocation.java:60)
	at org.junit.jupiter.engine.execution.InvocationInterceptorChain$ValidatingInvocation.proceed(InvocationInterceptorChain.java:131)
	at org.junit.jupiter.engine.extension.TimeoutExtension.intercept(TimeoutExtension.java:156)
	at org.junit.jupiter.engine.extension.TimeoutExtension.interceptTestableMethod(TimeoutExtension.java:147)
	at org.junit.jupiter.engine.extension.TimeoutExtension.interceptTestMethod(TimeoutExtension.java:86)
	at org.junit.jupiter.engine.execution.InterceptingExecutableInvoker$ReflectiveInterceptorCall.lambda$ofVoidMethod$0(InterceptingExecutableInvoker.java:103)
	at org.junit.jupiter.engine.execution.InterceptingExecutableInvoker.lambda$invoke$0(InterceptingExecutableInvoker.java:93)
	at org.junit.jupiter.engine.execution.InvocationInterceptorChain$InterceptedInvocation.proceed(InvocationInterceptorChain.java:106)
	at org.junit.jupiter.engine.execution.InvocationInterceptorChain.proceed(InvocationInterceptorChain.java:64)
	at org.junit.jupiter.engine.execution.InvocationInterceptorChain.chainAndInvoke(InvocationInterceptorChain.java:45)
	at org.junit.jupiter.engine.execution.InvocationInterceptorChain.invoke(InvocationInterceptorChain.java:37)
	at org.junit.jupiter.engine.execution.InterceptingExecutableInvoker.invoke(InterceptingExecutableInvoker.java:92)
	at org.junit.jupiter.engine.execution.InterceptingExecutableInvoker.invoke(InterceptingExecutableInvoker.java:86)
	at org.junit.jupiter.engine.descriptor.TestMethodTestDescriptor.lambda$invokeTestMethod$7(TestMethodTestDescriptor.java:218)
	at org.junit.platform.engine.support.hierarchical.ThrowableCollector.execute(ThrowableCollector.java:73)
	at org.junit.jupiter.engine.descriptor.TestMethodTestDescriptor.invokeTestMethod(TestMethodTestDescriptor.java:214)
	at org.junit.jupiter.engine.descriptor.TestMethodTestDescriptor.execute(TestMethodTestDescriptor.java:139)
	at org.junit.jupiter.engine.descriptor.TestMethodTestDescriptor.execute(TestMethodTestDescriptor.java:69)
	at org.junit.platform.engine.support.hierarchical.NodeTestTask.lambda$executeRecursively$6(NodeTestTask.java:151)
	at org.junit.platform.engine.support.hierarchical.ThrowableCollector.execute(ThrowableCollector.java:73)
	at org.junit.platform.engine.support.hierarchical.NodeTestTask.lambda$executeRecursively$8(NodeTestTask.java:141)
	at org.junit.platform.engine.support.hierarchical.Node.around(Node.java:137)
	at org.junit.platform.engine.support.hierarchical.NodeTestTask.lambda$executeRecursively$9(NodeTestTask.java:139)
	at org.junit.platform.engine.support.hierarchical.ThrowableCollector.execute(ThrowableCollector.java:73)
	at org.junit.platform.engine.support.hierarchical.NodeTestTask.executeRecursively(NodeTestTask.java:138)
	at org.junit.platform.engine.support.hierarchical.NodeTestTask.execute(NodeTestTask.java:95)
	at java.base/java.util.ArrayList.forEach(ArrayList.java:1511)
	at org.junit.platform.engine.support.hierarchical.SameThreadHierarchicalTestExecutorService.invokeAll(SameThreadHierarchicalTestExecutorService.java:41)
	at org.junit.platform.engine.support.hierarchical.NodeTestTask.lambda$executeRecursively$6(NodeTestTask.java:155)
	at org.junit.platform.engine.support.hierarchical.ThrowableCollector.execute(ThrowableCollector.java:73)
	at org.junit.platform.engine.support.hierarchical.NodeTestTask.lambda$executeRecursively$8(NodeTestTask.java:141)
	at org.junit.platform.engine.support.hierarchical.Node.around(Node.java:137)
	at org.junit.platform.engine.support.hierarchical.NodeTestTask.lambda$executeRecursively$9(NodeTestTask.java:139)
	at org.junit.platform.engine.support.hierarchical.ThrowableCollector.execute(ThrowableCollector.java:73)
	at org.junit.platform.engine.support.hierarchical.NodeTestTask.executeRecursively(NodeTestTask.java:138)
	at org.junit.platform.engine.support.hierarchical.NodeTestTask.execute(NodeTestTask.java:95)
	at java.base/java.util.ArrayList.forEach(ArrayList.java:1511)
	at org.junit.platform.engine.support.hierarchical.SameThreadHierarchicalTestExecutorService.invokeAll(SameThreadHierarchicalTestExecutorService.java:41)
	at org.junit.platform.engine.support.hierarchical.NodeTestTask.lambda$executeRecursively$6(NodeTestTask.java:155)
	at org.junit.platform.engine.support.hierarchical.ThrowableCollector.execute(ThrowableCollector.java:73)
	at org.junit.platform.engine.support.hierarchical.NodeTestTask.lambda$executeRecursively$8(NodeTestTask.java:141)
	at org.junit.platform.engine.support.hierarchical.Node.around(Node.java:137)
	at org.junit.platform.engine.support.hierarchical.NodeTestTask.lambda$executeRecursively$9(NodeTestTask.java:139)
	at org.junit.platform.engine.support.hierarchical.ThrowableCollector.execute(ThrowableCollector.java:73)
	at org.junit.platform.engine.support.hierarchical.NodeTestTask.executeRecursively(NodeTestTask.java:138)
	at org.junit.platform.engine.support.hierarchical.NodeTestTask.execute(NodeTestTask.java:95)
	at org.junit.platform.engine.support.hierarchical.SameThreadHierarchicalTestExecutorService.submit(SameThreadHierarchicalTestExecutorService.java:35)
	at org.junit.platform.engine.support.hierarchical.HierarchicalTestExecutor.execute(HierarchicalTestExecutor.java:57)
	at org.junit.platform.engine.support.hierarchical.HierarchicalTestEngine.execute(HierarchicalTestEngine.java:54)
	at org.junit.platform.launcher.core.EngineExecutionOrchestrator.execute(EngineExecutionOrchestrator.java:198)
	at org.junit.platform.launcher.core.EngineExecutionOrchestrator.execute(EngineExecutionOrchestrator.java:169)
	at org.junit.platform.launcher.core.EngineExecutionOrchestrator.execute(EngineExecutionOrchestrator.java:93)
	at org.junit.platform.launcher.core.EngineExecutionOrchestrator.lambda$execute$0(EngineExecutionOrchestrator.java:58)
	at org.junit.platform.launcher.core.EngineExecutionOrchestrator.withInterceptedStreams(EngineExecutionOrchestrator.java:141)
	at org.junit.platform.launcher.core.EngineExecutionOrchestrator.execute(EngineExecutionOrchestrator.java:57)
	at org.junit.platform.launcher.core.DefaultLauncher.execute(DefaultLauncher.java:103)
	at org.junit.platform.launcher.core.DefaultLauncher.execute(DefaultLauncher.java:85)
	at org.junit.platform.launcher.core.DelegatingLauncher.execute(DelegatingLauncher.java:47)
	at org.junit.platform.launcher.core.SessionPerRequestLauncher.execute(SessionPerRequestLauncher.java:63)
	at com.intellij.junit5.JUnit5IdeaTestRunner.startRunnerWithArgs(JUnit5IdeaTestRunner.java:57)
	at com.intellij.rt.junit.IdeaTestRunner$Repeater$1.execute(IdeaTestRunner.java:38)
	at com.intellij.rt.execution.junit.TestsRepeater.repeat(TestsRepeater.java:11)
	at com.intellij.rt.junit.IdeaTestRunner$Repeater.startRunnerWithArgs(IdeaTestRunner.java:35)
	at com.intellij.rt.junit.JUnitStarter.prepareStreamsAndStart(JUnitStarter.java:232)
	at com.intellij.rt.junit.JUnitStarter.main(JUnitStarter.java:55)
Caused by: org.hibernate.query.sqm.PathElementException: Could not resolve attribute 'reviews' of 'com.adboard.entity.User'
	at org.hibernate.query.sqm.SqmPathSource.getSubPathSource(SqmPathSource.java:95)
	at org.hibernate.query.sqm.tree.domain.AbstractSqmFrom.join(AbstractSqmFrom.java:409)
	at org.hibernate.query.sqm.tree.domain.AbstractSqmFrom.join(AbstractSqmFrom.java:69)
	at com.adboard.repository.impl.AdRepositoryImpl.search(AdRepositoryImpl.java:101)
	at java.base/jdk.internal.reflect.NativeMethodAccessorImpl.invoke0(Native Method)
	at java.base/jdk.internal.reflect.NativeMethodAccessorImpl.invoke(NativeMethodAccessorImpl.java:77)
	at java.base/jdk.internal.reflect.DelegatingMethodAccessorImpl.invoke(DelegatingMethodAccessorImpl.java:43)
	at java.base/java.lang.reflect.Method.invoke(Method.java:569)
	at org.springframework.aop.support.AopUtils.invokeJoinpointUsingReflection(AopUtils.java:351)
	at org.springframework.aop.framework.ReflectiveMethodInvocation.invokeJoinpoint(ReflectiveMethodInvocation.java:196)
	at org.springframework.aop.framework.ReflectiveMethodInvocation.proceed(ReflectiveMethodInvocation.java:163)
	at org.springframework.dao.support.PersistenceExceptionTranslationInterceptor.invoke(PersistenceExceptionTranslationInterceptor.java:137)
	... 167 common frames omitted
2026-05-10 14:20:35.674 INFO  [main] c.adboard.controller.AuthController - REST request to login: rev1@test.com
2026-05-10 14:20:35.921 INFO  [main] com.adboard.service.AuthService - User rev1@test.com successfully logged in
2026-05-10 14:20:35.924 INFO  [main] com.adboard.service.UserService - Profile data successfully retrieved for user: rev1@test.com
2026-05-10 14:20:35.926 INFO  [main] c.adboard.controller.AuthController - REST request to login: rev2@test.com
2026-05-10 14:20:36.179 INFO  [main] com.adboard.service.AuthService - User rev2@test.com successfully logged in
2026-05-10 14:20:36.182 INFO  [main] com.adboard.service.UserService - Profile data successfully retrieved for user: rev2@test.com
2026-05-10 14:20:36.194 INFO  [main] c.adboard.controller.AuthController - REST request to login: rev1@test.com
2026-05-10 14:20:36.447 INFO  [main] com.adboard.service.AuthService - User rev1@test.com successfully logged in
2026-05-10 14:20:36.452 INFO  [main] com.adboard.service.UserService - Profile data successfully retrieved for user: rev1@test.com
2026-05-10 14:20:36.458 INFO  [main] com.adboard.security.JwtAuthFilter - User rev1@test.com successfully authenticated via JWT
2026-05-10 14:20:36.460 INFO  [main] c.a.controller.ReviewController - REST request to add review for seller: 13 by user: rev1@test.com
2026-05-10 14:20:36.477 INFO  [main] com.adboard.service.ReviewService - Review added successfully: sellerId=13, reviewer=rev1@test.com, rating=5
2026-05-10 14:20:36.484 INFO  [main] c.adboard.controller.AuthController - REST request to login: rev2@test.com
2026-05-10 14:20:36.730 INFO  [main] com.adboard.service.AuthService - User rev2@test.com successfully logged in
2026-05-10 14:20:36.734 INFO  [main] com.adboard.service.UserService - Profile data successfully retrieved for user: rev2@test.com
2026-05-10 14:20:36.739 INFO  [main] com.adboard.security.JwtAuthFilter - User rev2@test.com successfully authenticated via JWT
2026-05-10 14:20:36.740 INFO  [main] c.a.controller.ReviewController - REST request to add review for seller: 13 by user: rev2@test.com
2026-05-10 14:20:36.753 INFO  [main] com.adboard.service.ReviewService - Review added successfully: sellerId=13, reviewer=rev2@test.com, rating=5
2026-05-10 14:20:36.760 INFO  [main] c.adboard.controller.AuthController - REST request to login: rev1@test.com
2026-05-10 14:20:37.007 INFO  [main] com.adboard.service.AuthService - User rev1@test.com successfully logged in
2026-05-10 14:20:37.010 INFO  [main] com.adboard.service.UserService - Profile data successfully retrieved for user: rev1@test.com
2026-05-10 14:20:37.015 INFO  [main] com.adboard.security.JwtAuthFilter - User rev1@test.com successfully authenticated via JWT
2026-05-10 14:20:37.016 INFO  [main] c.a.controller.ReviewController - REST request to add review for seller: 14 by user: rev1@test.com
2026-05-10 14:20:37.029 INFO  [main] com.adboard.service.ReviewService - Review added successfully: sellerId=14, reviewer=rev1@test.com, rating=1
2026-05-10 14:20:37.031 INFO  [main] c.adboard.controller.AuthController - REST request to login: rev2@test.com
2026-05-10 14:20:37.276 INFO  [main] com.adboard.service.AuthService - User rev2@test.com successfully logged in
2026-05-10 14:20:37.280 INFO  [main] com.adboard.service.UserService - Profile data successfully retrieved for user: rev2@test.com
2026-05-10 14:20:37.285 INFO  [main] com.adboard.security.JwtAuthFilter - User rev2@test.com successfully authenticated via JWT
2026-05-10 14:20:37.286 INFO  [main] c.a.controller.ReviewController - REST request to add review for seller: 14 by user: rev2@test.com
2026-05-10 14:20:37.299 INFO  [main] com.adboard.service.ReviewService - Review added successfully: sellerId=14, reviewer=rev2@test.com, rating=1
2026-05-10 14:20:37.305 INFO  [main] com.adboard.security.JwtAuthFilter - User rev1@test.com successfully authenticated via JWT
2026-05-10 14:20:37.307 INFO  [main] c.a.controller.ReviewController - REST request to add review for seller: 13 by user: rev1@test.com
2026-05-10 14:20:37.315 ERROR [main] c.a.exception.GlobalExceptionHandler - Business logic conflict: You have already reviewed this seller
2026-05-10 14:42:21.417 WARN  [main] o.s.c.s.PostProcessorRegistrationDelegate$BeanPostProcessorChecker - Bean 'jpaConfig' of type [com.adboard.config.JpaConfig$$SpringCGLIB$$0] is not eligible for getting processed by all BeanPostProcessors (for example: not eligible for auto-proxying). The currently created BeanPostProcessor [exceptionTranslation] is declared through a non-static factory method on that class; consider declaring it as static instead.
2026-05-10 14:42:28.408 INFO  [main] c.adboard.controller.AuthController - REST request to login: self@test.com
2026-05-10 14:42:29.041 INFO  [main] com.adboard.service.AuthService - User self@test.com successfully logged in
2026-05-10 14:42:29.046 INFO  [main] com.adboard.service.UserService - Profile data successfully retrieved for user: self@test.com
2026-05-10 14:42:29.113 INFO  [main] com.adboard.security.JwtAuthFilter - User self@test.com successfully authenticated via JWT
2026-05-10 14:42:29.122 INFO  [main] c.a.controller.ReviewController - REST request to add review for seller: 1 by user: self@test.com
2026-05-10 14:42:29.136 ERROR [main] c.a.exception.GlobalExceptionHandler - Bad request: Cannot leave a review for yourself
2026-05-10 14:42:29.842 INFO  [main] c.adboard.controller.AuthController - REST request to login: reviewer@test.com
2026-05-10 14:42:30.089 INFO  [main] com.adboard.service.AuthService - User reviewer@test.com successfully logged in
2026-05-10 14:42:30.093 INFO  [main] com.adboard.service.UserService - Profile data successfully retrieved for user: reviewer@test.com
2026-05-10 14:42:30.099 INFO  [main] com.adboard.security.JwtAuthFilter - User reviewer@test.com successfully authenticated via JWT
2026-05-10 14:42:30.100 INFO  [main] c.a.controller.ReviewController - REST request to add review for seller: 2 by user: reviewer@test.com
2026-05-10 14:42:30.134 INFO  [main] com.adboard.service.ReviewService - Review added successfully: sellerId=2, reviewer=reviewer@test.com, rating=4
2026-05-10 14:42:31.204 INFO  [main] c.adboard.controller.AuthController - REST request to login: rev1@test.com
2026-05-10 14:42:31.459 INFO  [main] com.adboard.service.AuthService - User rev1@test.com successfully logged in
2026-05-10 14:42:31.463 INFO  [main] com.adboard.service.UserService - Profile data successfully retrieved for user: rev1@test.com
2026-05-10 14:42:31.469 INFO  [main] com.adboard.security.JwtAuthFilter - User rev1@test.com successfully authenticated via JWT
2026-05-10 14:42:31.470 INFO  [main] c.a.controller.ReviewController - REST request to add review for seller: 4 by user: rev1@test.com
2026-05-10 14:42:31.483 INFO  [main] com.adboard.service.ReviewService - Review added successfully: sellerId=4, reviewer=rev1@test.com, rating=5
2026-05-10 14:42:31.486 INFO  [main] c.adboard.controller.AuthController - REST request to login: rev2@test.com
2026-05-10 14:42:31.731 INFO  [main] com.adboard.service.AuthService - User rev2@test.com successfully logged in
2026-05-10 14:42:31.735 INFO  [main] com.adboard.service.UserService - Profile data successfully retrieved for user: rev2@test.com
2026-05-10 14:42:31.741 INFO  [main] com.adboard.security.JwtAuthFilter - User rev2@test.com successfully authenticated via JWT
2026-05-10 14:42:31.742 INFO  [main] c.a.controller.ReviewController - REST request to add review for seller: 4 by user: rev2@test.com
2026-05-10 14:42:31.754 INFO  [main] com.adboard.service.ReviewService - Review added successfully: sellerId=4, reviewer=rev2@test.com, rating=5
2026-05-10 14:42:31.756 INFO  [main] c.adboard.controller.AuthController - REST request to login: rev1@test.com
2026-05-10 14:42:32.000 INFO  [main] com.adboard.service.AuthService - User rev1@test.com successfully logged in
2026-05-10 14:42:32.005 INFO  [main] com.adboard.service.UserService - Profile data successfully retrieved for user: rev1@test.com
2026-05-10 14:42:32.010 INFO  [main] com.adboard.security.JwtAuthFilter - User rev1@test.com successfully authenticated via JWT
2026-05-10 14:42:32.011 INFO  [main] c.a.controller.ReviewController - REST request to add review for seller: 5 by user: rev1@test.com
2026-05-10 14:42:32.023 INFO  [main] com.adboard.service.ReviewService - Review added successfully: sellerId=5, reviewer=rev1@test.com, rating=1
2026-05-10 14:42:32.025 INFO  [main] c.adboard.controller.AuthController - REST request to login: rev2@test.com
2026-05-10 14:42:32.270 INFO  [main] com.adboard.service.AuthService - User rev2@test.com successfully logged in
2026-05-10 14:42:32.273 INFO  [main] com.adboard.service.UserService - Profile data successfully retrieved for user: rev2@test.com
2026-05-10 14:42:32.280 INFO  [main] com.adboard.security.JwtAuthFilter - User rev2@test.com successfully authenticated via JWT
2026-05-10 14:42:32.281 INFO  [main] c.a.controller.ReviewController - REST request to add review for seller: 5 by user: rev2@test.com
2026-05-10 14:42:32.294 INFO  [main] com.adboard.service.ReviewService - Review added successfully: sellerId=5, reviewer=rev2@test.com, rating=1
2026-05-10 14:42:32.296 INFO  [main] c.adboard.controller.AuthController - REST request to login: rev1@test.com
2026-05-10 14:42:32.541 INFO  [main] com.adboard.service.AuthService - User rev1@test.com successfully logged in
2026-05-10 14:42:32.546 INFO  [main] com.adboard.service.UserService - Profile data successfully retrieved for user: rev1@test.com
2026-05-10 14:42:32.551 INFO  [main] com.adboard.security.JwtAuthFilter - User rev1@test.com successfully authenticated via JWT
2026-05-10 14:42:32.553 INFO  [main] com.adboard.controller.AdController - REST request to search ads: page=0, size=10, keyword=null, categoryId=null
2026-05-10 14:42:32.640 INFO  [main] com.adboard.service.AdService - Search completed: found 2 ads (page 1/1) for filters: keyword=null, category=null
2026-05-10 14:42:33.163 INFO  [main] c.adboard.controller.AuthController - REST request to login: dup-rev@test.com
2026-05-10 14:42:33.413 INFO  [main] com.adboard.service.AuthService - User dup-rev@test.com successfully logged in
2026-05-10 14:42:33.417 INFO  [main] com.adboard.service.UserService - Profile data successfully retrieved for user: dup-rev@test.com
2026-05-10 14:42:33.423 INFO  [main] com.adboard.security.JwtAuthFilter - User dup-rev@test.com successfully authenticated via JWT
2026-05-10 14:42:33.424 INFO  [main] c.a.controller.ReviewController - REST request to add review for seller: 8 by user: dup-rev@test.com
2026-05-10 14:42:33.436 INFO  [main] com.adboard.service.ReviewService - Review added successfully: sellerId=8, reviewer=dup-rev@test.com, rating=5
2026-05-10 14:42:33.441 INFO  [main] com.adboard.security.JwtAuthFilter - User dup-rev@test.com successfully authenticated via JWT
2026-05-10 14:42:33.442 INFO  [main] c.a.controller.ReviewController - REST request to add review for seller: 8 by user: dup-rev@test.com
2026-05-10 14:42:33.452 ERROR [main] c.a.exception.GlobalExceptionHandler - Business logic conflict: You have already reviewed this seller
2026-05-10 15:09:51.301 WARN  [main] o.s.c.s.PostProcessorRegistrationDelegate$BeanPostProcessorChecker - Bean 'jpaConfig' of type [com.adboard.config.JpaConfig$$SpringCGLIB$$0] is not eligible for getting processed by all BeanPostProcessors (for example: not eligible for auto-proxying). The currently created BeanPostProcessor [exceptionTranslation] is declared through a non-static factory method on that class; consider declaring it as static instead.
2026-05-10 15:09:59.767 INFO  [main] c.adboard.controller.AuthController - REST request to login: seller-sales@test.com
2026-05-10 15:10:00.454 INFO  [main] com.adboard.service.AuthService - User seller-sales@test.com successfully logged in
2026-05-10 15:10:00.458 INFO  [main] com.adboard.service.UserService - Profile data successfully retrieved for user: seller-sales@test.com
2026-05-10 15:10:00.489 INFO  [main] c.adboard.controller.AuthController - REST request to login: buyer-sales@test.com
2026-05-10 15:10:00.745 INFO  [main] com.adboard.service.AuthService - User buyer-sales@test.com successfully logged in
2026-05-10 15:10:00.750 INFO  [main] com.adboard.service.UserService - Profile data successfully retrieved for user: buyer-sales@test.com
2026-05-10 15:10:00.802 INFO  [main] com.adboard.security.JwtAuthFilter - User seller-sales@test.com successfully authenticated via JWT
2026-05-10 15:10:00.806 INFO  [main] com.adboard.controller.AdController - REST request to mark ad as sold: 1 by user: seller-sales@test.com
2026-05-10 15:10:00.897 INFO  [main] com.adboard.service.AdService - Ad marked as sold: id=1, by=seller-sales@test.com
2026-05-10 15:10:01.545 INFO  [main] c.adboard.controller.AuthController - REST request to login: seller-sales@test.com
2026-05-10 15:10:01.794 INFO  [main] com.adboard.service.AuthService - User seller-sales@test.com successfully logged in
2026-05-10 15:10:01.799 INFO  [main] com.adboard.service.UserService - Profile data successfully retrieved for user: seller-sales@test.com
2026-05-10 15:10:01.802 INFO  [main] c.adboard.controller.AuthController - REST request to login: buyer-sales@test.com
2026-05-10 15:10:02.068 INFO  [main] com.adboard.service.AuthService - User buyer-sales@test.com successfully logged in
2026-05-10 15:10:02.072 INFO  [main] com.adboard.service.UserService - Profile data successfully retrieved for user: buyer-sales@test.com
2026-05-10 15:10:02.084 INFO  [main] com.adboard.security.JwtAuthFilter - User buyer-sales@test.com successfully authenticated via JWT
2026-05-10 15:10:02.085 INFO  [main] com.adboard.controller.AdController - REST request to mark ad as sold: 2 by user: buyer-sales@test.com
2026-05-10 15:10:02.100 ERROR [main] c.a.exception.GlobalExceptionHandler - Access denied: Cannot mark ad as sold: you are not the owner
2026-05-10 15:10:02.689 INFO  [main] c.adboard.controller.AuthController - REST request to login: seller-sales@test.com
2026-05-10 15:10:02.941 INFO  [main] com.adboard.service.AuthService - User seller-sales@test.com successfully logged in
2026-05-10 15:10:02.944 INFO  [main] com.adboard.service.UserService - Profile data successfully retrieved for user: seller-sales@test.com
2026-05-10 15:10:02.947 INFO  [main] c.adboard.controller.AuthController - REST request to login: buyer-sales@test.com
2026-05-10 15:10:03.204 INFO  [main] com.adboard.service.AuthService - User buyer-sales@test.com successfully logged in
2026-05-10 15:10:03.208 INFO  [main] com.adboard.service.UserService - Profile data successfully retrieved for user: buyer-sales@test.com
2026-05-10 15:10:03.223 INFO  [main] com.adboard.security.JwtAuthFilter - User seller-sales@test.com successfully authenticated via JWT
2026-05-10 15:10:03.224 INFO  [main] com.adboard.controller.AdController - REST request to mark ad as sold: 4 by user: seller-sales@test.com
2026-05-10 15:10:03.240 INFO  [main] com.adboard.service.AdService - Ad marked as sold: id=4, by=seller-sales@test.com
2026-05-10 15:10:03.246 INFO  [main] com.adboard.security.JwtAuthFilter - User buyer-sales@test.com successfully authenticated via JWT
2026-05-10 15:10:03.248 INFO  [main] com.adboard.controller.AdController - REST request to search ads: page=0, size=10, keyword=null, categoryId=null
2026-05-10 15:10:03.302 INFO  [main] com.adboard.service.AdService - Search completed: found 1 ads (page 1/1) for filters: keyword=null, category=null
2026-05-10 15:12:27.974 WARN  [main] o.s.c.s.PostProcessorRegistrationDelegate$BeanPostProcessorChecker - Bean 'jpaConfig' of type [com.adboard.config.JpaConfig$$SpringCGLIB$$0] is not eligible for getting processed by all BeanPostProcessors (for example: not eligible for auto-proxying). The currently created BeanPostProcessor [exceptionTranslation] is declared through a non-static factory method on that class; consider declaring it as static instead.
2026-05-10 15:12:35.806 INFO  [main] c.adboard.controller.AuthController - REST request to login: seller-sales@test.com
2026-05-10 15:12:36.580 INFO  [main] com.adboard.service.AuthService - User seller-sales@test.com successfully logged in
2026-05-10 15:12:36.586 INFO  [main] com.adboard.service.UserService - Profile data successfully retrieved for user: seller-sales@test.com
2026-05-10 15:12:36.624 INFO  [main] c.adboard.controller.AuthController - REST request to login: buyer-sales@test.com
2026-05-10 15:12:36.922 INFO  [main] com.adboard.service.AuthService - User buyer-sales@test.com successfully logged in
2026-05-10 15:12:36.925 INFO  [main] com.adboard.service.UserService - Profile data successfully retrieved for user: buyer-sales@test.com
2026-05-10 15:12:36.987 INFO  [main] com.adboard.security.JwtAuthFilter - User seller-sales@test.com successfully authenticated via JWT
2026-05-10 15:12:36.993 INFO  [main] com.adboard.controller.AdController - REST request to mark ad as sold: 1 by user: seller-sales@test.com
2026-05-10 15:12:37.075 INFO  [main] com.adboard.service.AdService - Ad marked as sold: id=1, by=seller-sales@test.com
2026-05-10 15:12:37.693 INFO  [main] c.adboard.controller.AuthController - REST request to login: seller-sales@test.com
2026-05-10 15:12:37.943 INFO  [main] com.adboard.service.AuthService - User seller-sales@test.com successfully logged in
2026-05-10 15:12:37.947 INFO  [main] com.adboard.service.UserService - Profile data successfully retrieved for user: seller-sales@test.com
2026-05-10 15:12:37.951 INFO  [main] c.adboard.controller.AuthController - REST request to login: buyer-sales@test.com
2026-05-10 15:12:38.201 INFO  [main] com.adboard.service.AuthService - User buyer-sales@test.com successfully logged in
2026-05-10 15:12:38.204 INFO  [main] com.adboard.service.UserService - Profile data successfully retrieved for user: buyer-sales@test.com
2026-05-10 15:12:38.215 INFO  [main] com.adboard.security.JwtAuthFilter - User buyer-sales@test.com successfully authenticated via JWT
2026-05-10 15:12:38.216 INFO  [main] com.adboard.controller.AdController - REST request to mark ad as sold: 2 by user: buyer-sales@test.com
2026-05-10 15:12:38.232 ERROR [main] c.a.exception.GlobalExceptionHandler - Access denied: Cannot mark ad as sold: you are not the owner
2026-05-10 15:12:38.841 INFO  [main] c.adboard.controller.AuthController - REST request to login: seller-sales@test.com
2026-05-10 15:12:39.099 INFO  [main] com.adboard.service.AuthService - User seller-sales@test.com successfully logged in
2026-05-10 15:12:39.103 INFO  [main] com.adboard.service.UserService - Profile data successfully retrieved for user: seller-sales@test.com
2026-05-10 15:12:39.106 INFO  [main] c.adboard.controller.AuthController - REST request to login: buyer-sales@test.com
2026-05-10 15:12:39.365 INFO  [main] com.adboard.service.AuthService - User buyer-sales@test.com successfully logged in
2026-05-10 15:12:39.368 INFO  [main] com.adboard.service.UserService - Profile data successfully retrieved for user: buyer-sales@test.com
2026-05-10 15:12:39.383 INFO  [main] com.adboard.security.JwtAuthFilter - User seller-sales@test.com successfully authenticated via JWT
2026-05-10 15:12:39.384 INFO  [main] com.adboard.controller.AdController - REST request to mark ad as sold: 4 by user: seller-sales@test.com
2026-05-10 15:12:39.399 INFO  [main] com.adboard.service.AdService - Ad marked as sold: id=4, by=seller-sales@test.com
2026-05-10 15:12:39.405 INFO  [main] com.adboard.security.JwtAuthFilter - User buyer-sales@test.com successfully authenticated via JWT
2026-05-10 15:12:39.407 INFO  [main] com.adboard.controller.AdController - REST request to search ads: page=0, size=10, keyword=null, categoryId=null
2026-05-10 15:12:39.485 INFO  [main] com.adboard.service.AdService - Search completed: found 1 ads (page 1/1) for filters: keyword=null, category=null
2026-05-10 15:15:58.197 WARN  [main] o.s.c.s.PostProcessorRegistrationDelegate$BeanPostProcessorChecker - Bean 'jpaConfig' of type [com.adboard.config.JpaConfig$$SpringCGLIB$$0] is not eligible for getting processed by all BeanPostProcessors (for example: not eligible for auto-proxying). The currently created BeanPostProcessor [exceptionTranslation] is declared through a non-static factory method on that class; consider declaring it as static instead.
2026-05-10 15:16:04.761 INFO  [main] c.adboard.controller.AuthController - REST request to login: seller-sales@test.com
2026-05-10 15:16:05.354 INFO  [main] com.adboard.service.AuthService - User seller-sales@test.com successfully logged in
2026-05-10 15:16:05.359 INFO  [main] com.adboard.service.UserService - Profile data successfully retrieved for user: seller-sales@test.com
2026-05-10 15:16:05.385 INFO  [main] c.adboard.controller.AuthController - REST request to login: buyer-sales@test.com
2026-05-10 15:16:05.632 INFO  [main] com.adboard.service.AuthService - User buyer-sales@test.com successfully logged in
2026-05-10 15:16:05.636 INFO  [main] com.adboard.service.UserService - Profile data successfully retrieved for user: buyer-sales@test.com
2026-05-10 15:16:05.686 INFO  [main] com.adboard.security.JwtAuthFilter - User seller-sales@test.com successfully authenticated via JWT
2026-05-10 15:16:05.690 INFO  [main] com.adboard.controller.AdController - REST request to mark ad as sold: 1 by user: seller-sales@test.com
2026-05-10 15:16:05.756 INFO  [main] com.adboard.service.AdService - Ad marked as sold: id=1, by=seller-sales@test.com
2026-05-10 15:16:05.764 INFO  [main] com.adboard.service.AdService - Ad now: Optional[com.adboard.entity.Ad@78ec5e18]
2026-05-10 15:16:55.400 WARN  [main] o.s.c.s.PostProcessorRegistrationDelegate$BeanPostProcessorChecker - Bean 'jpaConfig' of type [com.adboard.config.JpaConfig$$SpringCGLIB$$0] is not eligible for getting processed by all BeanPostProcessors (for example: not eligible for auto-proxying). The currently created BeanPostProcessor [exceptionTranslation] is declared through a non-static factory method on that class; consider declaring it as static instead.
2026-05-10 15:17:02.174 INFO  [main] c.adboard.controller.AuthController - REST request to login: seller-sales@test.com
2026-05-10 15:17:02.775 INFO  [main] com.adboard.service.AuthService - User seller-sales@test.com successfully logged in
2026-05-10 15:17:02.780 INFO  [main] com.adboard.service.UserService - Profile data successfully retrieved for user: seller-sales@test.com
2026-05-10 15:17:02.807 INFO  [main] c.adboard.controller.AuthController - REST request to login: buyer-sales@test.com
2026-05-10 15:17:03.054 INFO  [main] com.adboard.service.AuthService - User buyer-sales@test.com successfully logged in
2026-05-10 15:17:03.058 INFO  [main] com.adboard.service.UserService - Profile data successfully retrieved for user: buyer-sales@test.com
2026-05-10 15:17:03.107 INFO  [main] com.adboard.security.JwtAuthFilter - User seller-sales@test.com successfully authenticated via JWT
2026-05-10 15:17:03.111 INFO  [main] com.adboard.controller.AdController - REST request to mark ad as sold: 1 by user: seller-sales@test.com
2026-05-10 15:17:03.179 INFO  [main] com.adboard.service.AdService - Ad marked as sold: id=1, by=seller-sales@test.com
2026-05-10 15:17:03.186 INFO  [main] com.adboard.service.AdService - Ad now: com.adboard.entity.Ad@15962623
2026-05-10 15:17:03.186 INFO  [main] com.adboard.service.AdService - DTO: AdResponseDto(id=1, title=Товар для продажи, description=Тест, price=500.00, status=SOLD, imageUrl=null, isPromoted=false, promoteExpiresAt=null, createdAt=2026-05-10T15:17:03.061822600, seller=UserPreviewDto(id=1, username=Продавец, city=null), category=CategoryDto(id=5, name=Дом и сад), soldAt=null)
2026-05-10 15:22:51.351 WARN  [main] o.s.c.s.PostProcessorRegistrationDelegate$BeanPostProcessorChecker - Bean 'jpaConfig' of type [com.adboard.config.JpaConfig$$SpringCGLIB$$0] is not eligible for getting processed by all BeanPostProcessors (for example: not eligible for auto-proxying). The currently created BeanPostProcessor [exceptionTranslation] is declared through a non-static factory method on that class; consider declaring it as static instead.
2026-05-10 15:22:59.684 INFO  [main] c.adboard.controller.AuthController - REST request to login: seller@test.com
2026-05-10 15:23:34.095 WARN  [main] o.s.c.s.PostProcessorRegistrationDelegate$BeanPostProcessorChecker - Bean 'jpaConfig' of type [com.adboard.config.JpaConfig$$SpringCGLIB$$0] is not eligible for getting processed by all BeanPostProcessors (for example: not eligible for auto-proxying). The currently created BeanPostProcessor [exceptionTranslation] is declared through a non-static factory method on that class; consider declaring it as static instead.
2026-05-10 15:23:42.959 INFO  [main] c.adboard.controller.AuthController - REST request to login: seller@test.com
2026-05-10 15:23:43.729 INFO  [main] com.adboard.service.AuthService - User seller@test.com successfully logged in
2026-05-10 15:23:43.736 INFO  [main] com.adboard.service.UserService - Profile data successfully retrieved for user: seller@test.com
2026-05-10 15:23:43.769 INFO  [main] c.adboard.controller.AuthController - REST request to login: admin@test.com
2026-05-10 15:23:44.107 INFO  [main] com.adboard.service.AuthService - User admin@test.com successfully logged in
2026-05-10 15:23:44.111 INFO  [main] com.adboard.service.UserService - Profile data successfully retrieved for user: admin@test.com
2026-05-10 15:23:44.230 INFO  [main] com.adboard.security.JwtAuthFilter - User seller@test.com successfully authenticated via JWT
2026-05-10 15:23:44.268 INFO  [main] com.adboard.controller.AdController - REST request to create ad by user: seller@test.com
2026-05-10 15:23:44.285 INFO  [main] com.adboard.service.AdService - Ad created successfully: id=1, seller=seller@test.com
2026-05-10 15:23:44.315 INFO  [main] com.adboard.security.JwtAuthFilter - User seller@test.com successfully authenticated via JWT
2026-05-10 15:23:44.324 INFO  [main] com.adboard.controller.AdController - REST request to update ad: id=1, user=seller@test.com
2026-05-10 15:23:44.372 INFO  [main] com.adboard.service.AdService - Ad updated successfully: id=1, by=seller@test.com
2026-05-10 15:23:45.287 INFO  [main] c.adboard.controller.AuthController - REST request to login: seller@test.com
2026-05-10 15:23:45.594 INFO  [main] com.adboard.service.AuthService - User seller@test.com successfully logged in
2026-05-10 15:23:45.599 INFO  [main] com.adboard.service.UserService - Profile data successfully retrieved for user: seller@test.com
2026-05-10 15:23:45.601 INFO  [main] c.adboard.controller.AuthController - REST request to login: admin@test.com
2026-05-10 15:23:45.901 INFO  [main] com.adboard.service.AuthService - User admin@test.com successfully logged in
2026-05-10 15:23:45.906 INFO  [main] com.adboard.service.UserService - Profile data successfully retrieved for user: admin@test.com
2026-05-10 15:23:45.916 INFO  [main] com.adboard.security.JwtAuthFilter - User seller@test.com successfully authenticated via JWT
2026-05-10 15:23:45.918 INFO  [main] com.adboard.controller.AdController - REST request to create ad by user: seller@test.com
2026-05-10 15:23:45.929 INFO  [main] com.adboard.service.AdService - Ad created successfully: id=2, seller=seller@test.com
2026-05-10 15:23:45.936 INFO  [main] com.adboard.security.JwtAuthFilter - User seller@test.com successfully authenticated via JWT
2026-05-10 15:23:45.938 INFO  [main] com.adboard.controller.AdController - REST request to delete ad: id=2, user=seller@test.com
2026-05-10 15:23:45.942 INFO  [main] com.adboard.service.AdService - Ad deleted successfully: id=2, by=seller@test.com
2026-05-10 15:23:45.963 INFO  [main] com.adboard.security.JwtAuthFilter - User seller@test.com successfully authenticated via JWT
2026-05-10 15:23:45.965 INFO  [main] com.adboard.controller.AdController - REST request to search ads: page=0, size=10, keyword=���������, categoryId=null
2026-05-10 15:23:46.033 INFO  [main] com.adboard.service.AdService - Search completed: found 0 ads (page 1/0) for filters: keyword=���������, category=null
2026-05-10 15:23:46.727 INFO  [main] c.adboard.controller.AuthController - REST request to login: seller@test.com
2026-05-10 15:23:47.060 INFO  [main] com.adboard.service.AuthService - User seller@test.com successfully logged in
2026-05-10 15:23:47.062 INFO  [main] com.adboard.service.UserService - Profile data successfully retrieved for user: seller@test.com
2026-05-10 15:23:47.066 INFO  [main] c.adboard.controller.AuthController - REST request to login: admin@test.com
2026-05-10 15:23:47.381 INFO  [main] com.adboard.service.AuthService - User admin@test.com successfully logged in
2026-05-10 15:23:47.386 INFO  [main] com.adboard.service.UserService - Profile data successfully retrieved for user: admin@test.com
2026-05-10 15:23:47.397 INFO  [main] com.adboard.security.JwtAuthFilter - User seller@test.com successfully authenticated via JWT
2026-05-10 15:23:47.398 INFO  [main] com.adboard.controller.AdController - REST request to create ad by user: seller@test.com
2026-05-10 15:23:47.433 INFO  [main] com.adboard.service.AdService - Ad created successfully: id=3, seller=seller@test.com
2026-05-10 15:23:47.442 INFO  [main] com.adboard.security.JwtAuthFilter - User admin@test.com successfully authenticated via JWT
2026-05-10 15:23:47.462 INFO  [main] com.adboard.controller.AdController - REST request to publish ad: 3 by admin: admin@test.com
2026-05-10 15:23:47.468 INFO  [main] com.adboard.service.AdService - Ad published by admin admin@test.com: id=3
2026-05-10 15:23:47.490 INFO  [main] com.adboard.security.JwtAuthFilter - User seller@test.com successfully authenticated via JWT
2026-05-10 15:23:47.491 INFO  [main] com.adboard.controller.AdController - REST request to search ads: page=0, size=10, keyword=���������, categoryId=null
2026-05-10 15:23:47.504 INFO  [main] com.adboard.service.AdService - Search completed: found 1 ads (page 1/1) for filters: keyword=���������, category=null
2026-05-10 15:23:48.132 INFO  [main] c.adboard.controller.AuthController - REST request to login: seller@test.com
2026-05-10 15:23:48.446 INFO  [main] com.adboard.service.AuthService - User seller@test.com successfully logged in
2026-05-10 15:23:48.449 INFO  [main] com.adboard.service.UserService - Profile data successfully retrieved for user: seller@test.com
2026-05-10 15:23:48.454 INFO  [main] c.adboard.controller.AuthController - REST request to login: admin@test.com
2026-05-10 15:23:48.783 INFO  [main] com.adboard.service.AuthService - User admin@test.com successfully logged in
2026-05-10 15:23:48.788 INFO  [main] com.adboard.service.UserService - Profile data successfully retrieved for user: admin@test.com
2026-05-10 15:23:48.797 INFO  [main] com.adboard.security.JwtAuthFilter - User seller@test.com successfully authenticated via JWT
2026-05-10 15:23:48.798 INFO  [main] com.adboard.controller.AdController - REST request to create ad by user: seller@test.com
2026-05-10 15:23:48.809 INFO  [main] com.adboard.service.AdService - Ad created successfully: id=4, seller=seller@test.com
2026-05-10 15:23:49.516 INFO  [main] c.adboard.controller.AuthController - REST request to login: seller@test.com
2026-05-10 15:23:49.842 INFO  [main] com.adboard.service.AuthService - User seller@test.com successfully logged in
2026-05-10 15:23:49.846 INFO  [main] com.adboard.service.UserService - Profile data successfully retrieved for user: seller@test.com
2026-05-10 15:23:49.849 INFO  [main] c.adboard.controller.AuthController - REST request to login: other@test.com
2026-05-10 15:23:50.166 INFO  [main] com.adboard.service.AuthService - User other@test.com successfully logged in
2026-05-10 15:23:50.171 INFO  [main] com.adboard.service.UserService - Profile data successfully retrieved for user: other@test.com
2026-05-10 15:23:50.193 INFO  [main] com.adboard.security.JwtAuthFilter - User seller@test.com successfully authenticated via JWT
2026-05-10 15:23:50.195 INFO  [main] com.adboard.controller.AdController - REST request to search ads: page=0, size=10, keyword=null, categoryId=null
2026-05-10 15:23:50.221 INFO  [main] com.adboard.service.AdService - Search completed: found 3 ads (page 1/1) for filters: keyword=null, category=null
2026-05-10 15:23:50.871 INFO  [main] c.adboard.controller.AuthController - REST request to login: seller@test.com
2026-05-10 15:23:51.192 INFO  [main] com.adboard.service.AuthService - User seller@test.com successfully logged in
2026-05-10 15:23:51.196 INFO  [main] com.adboard.service.UserService - Profile data successfully retrieved for user: seller@test.com
2026-05-10 15:23:51.199 INFO  [main] c.adboard.controller.AuthController - REST request to login: other@test.com
2026-05-10 15:23:51.510 INFO  [main] com.adboard.service.AuthService - User other@test.com successfully logged in
2026-05-10 15:23:51.513 INFO  [main] com.adboard.service.UserService - Profile data successfully retrieved for user: other@test.com
2026-05-10 15:23:51.526 INFO  [main] com.adboard.security.JwtAuthFilter - User seller@test.com successfully authenticated via JWT
2026-05-10 15:23:51.527 INFO  [main] c.a.controller.PromotionController - REST request to promote ad: 8 by user: seller@test.com
2026-05-10 15:23:51.538 INFO  [main] com.adboard.service.AdService - Ad 8 successfully promoted for user seller@test.com. Expires at: 2026-06-09T15:23:51.538430
2026-05-10 15:23:52.225 INFO  [main] c.adboard.controller.AuthController - REST request to login: seller@test.com
2026-05-10 15:23:52.563 INFO  [main] com.adboard.service.AuthService - User seller@test.com successfully logged in
2026-05-10 15:23:52.567 INFO  [main] com.adboard.service.UserService - Profile data successfully retrieved for user: seller@test.com
2026-05-10 15:23:52.571 INFO  [main] c.adboard.controller.AuthController - REST request to login: other@test.com
2026-05-10 15:23:52.914 INFO  [main] com.adboard.service.AuthService - User other@test.com successfully logged in
2026-05-10 15:23:52.927 INFO  [main] com.adboard.service.UserService - Profile data successfully retrieved for user: other@test.com
2026-05-10 15:23:52.955 INFO  [main] com.adboard.security.JwtAuthFilter - User seller@test.com successfully authenticated via JWT
2026-05-10 15:23:52.957 INFO  [main] c.a.controller.PromotionController - REST request to promote ad: 9 by user: seller@test.com
2026-05-10 15:23:52.996 ERROR [main] c.a.exception.GlobalExceptionHandler - Business logic conflict: Ad is already promoted
2026-05-10 15:23:53.689 INFO  [main] c.adboard.controller.AuthController - REST request to login: seller@test.com
2026-05-10 15:23:53.994 INFO  [main] com.adboard.service.AuthService - User seller@test.com successfully logged in
2026-05-10 15:23:53.997 INFO  [main] com.adboard.service.UserService - Profile data successfully retrieved for user: seller@test.com
2026-05-10 15:23:54.001 INFO  [main] c.adboard.controller.AuthController - REST request to login: other@test.com
2026-05-10 15:23:54.310 INFO  [main] com.adboard.service.AuthService - User other@test.com successfully logged in
2026-05-10 15:23:54.314 INFO  [main] com.adboard.service.UserService - Profile data successfully retrieved for user: other@test.com
2026-05-10 15:23:54.330 INFO  [main] com.adboard.security.JwtAuthFilter - User other@test.com successfully authenticated via JWT
2026-05-10 15:23:54.331 INFO  [main] c.a.controller.PromotionController - REST request to promote ad: 10 by user: other@test.com
2026-05-10 15:23:54.342 ERROR [main] c.a.exception.GlobalExceptionHandler - Access denied: You don't own this ad
2026-05-10 15:23:55.081 INFO  [main] c.adboard.controller.AuthController - REST request to login: seller-sales@test.com
2026-05-10 15:23:55.394 INFO  [main] com.adboard.service.AuthService - User seller-sales@test.com successfully logged in
2026-05-10 15:23:55.398 INFO  [main] com.adboard.service.UserService - Profile data successfully retrieved for user: seller-sales@test.com
2026-05-10 15:23:55.401 INFO  [main] c.adboard.controller.AuthController - REST request to login: buyer-sales@test.com
2026-05-10 15:23:55.722 INFO  [main] com.adboard.service.AuthService - User buyer-sales@test.com successfully logged in
2026-05-10 15:23:55.725 INFO  [main] com.adboard.service.UserService - Profile data successfully retrieved for user: buyer-sales@test.com
2026-05-10 15:23:55.737 INFO  [main] com.adboard.security.JwtAuthFilter - User seller-sales@test.com successfully authenticated via JWT
2026-05-10 15:23:55.738 INFO  [main] com.adboard.controller.AdController - REST request to mark ad as sold: 11 by user: seller-sales@test.com
2026-05-10 15:23:55.750 INFO  [main] com.adboard.service.AdService - Ad marked as sold: id=11, by=seller-sales@test.com
2026-05-10 15:23:56.406 INFO  [main] c.adboard.controller.AuthController - REST request to login: seller-sales@test.com
2026-05-10 15:23:56.714 INFO  [main] com.adboard.service.AuthService - User seller-sales@test.com successfully logged in
2026-05-10 15:23:56.719 INFO  [main] com.adboard.service.UserService - Profile data successfully retrieved for user: seller-sales@test.com
2026-05-10 15:23:56.722 INFO  [main] c.adboard.controller.AuthController - REST request to login: buyer-sales@test.com
2026-05-10 15:23:57.042 INFO  [main] com.adboard.service.AuthService - User buyer-sales@test.com successfully logged in
2026-05-10 15:23:57.046 INFO  [main] com.adboard.service.UserService - Profile data successfully retrieved for user: buyer-sales@test.com
2026-05-10 15:23:57.057 INFO  [main] com.adboard.security.JwtAuthFilter - User buyer-sales@test.com successfully authenticated via JWT
2026-05-10 15:23:57.058 INFO  [main] com.adboard.controller.AdController - REST request to mark ad as sold: 12 by user: buyer-sales@test.com
2026-05-10 15:23:57.070 ERROR [main] c.a.exception.GlobalExceptionHandler - Access denied: Cannot mark ad as sold: you are not the owner
2026-05-10 15:23:57.729 INFO  [main] c.adboard.controller.AuthController - REST request to login: seller-sales@test.com
2026-05-10 15:23:58.044 INFO  [main] com.adboard.service.AuthService - User seller-sales@test.com successfully logged in
2026-05-10 15:23:58.048 INFO  [main] com.adboard.service.UserService - Profile data successfully retrieved for user: seller-sales@test.com
2026-05-10 15:23:58.051 INFO  [main] c.adboard.controller.AuthController - REST request to login: buyer-sales@test.com
2026-05-10 15:23:58.371 INFO  [main] com.adboard.service.AuthService - User buyer-sales@test.com successfully logged in
2026-05-10 15:23:58.374 INFO  [main] com.adboard.service.UserService - Profile data successfully retrieved for user: buyer-sales@test.com
2026-05-10 15:23:58.391 INFO  [main] com.adboard.security.JwtAuthFilter - User seller-sales@test.com successfully authenticated via JWT
2026-05-10 15:23:58.391 INFO  [main] com.adboard.controller.AdController - REST request to mark ad as sold: 14 by user: seller-sales@test.com
2026-05-10 15:23:58.405 INFO  [main] com.adboard.service.AdService - Ad marked as sold: id=14, by=seller-sales@test.com
2026-05-10 15:23:58.412 INFO  [main] com.adboard.security.JwtAuthFilter - User buyer-sales@test.com successfully authenticated via JWT
2026-05-10 15:23:58.413 INFO  [main] com.adboard.controller.AdController - REST request to search ads: page=0, size=10, keyword=null, categoryId=null
2026-05-10 15:23:58.427 INFO  [main] com.adboard.service.AdService - Search completed: found 1 ads (page 1/1) for filters: keyword=null, category=null
2026-05-10 15:23:58.781 INFO  [main] c.adboard.controller.AuthController - REST request to login: seller@test.com
2026-05-10 15:23:59.101 INFO  [main] com.adboard.service.AuthService - User seller@test.com successfully logged in
2026-05-10 15:23:59.105 INFO  [main] com.adboard.service.UserService - Profile data successfully retrieved for user: seller@test.com
2026-05-10 15:23:59.191 INFO  [main] com.adboard.security.JwtAuthFilter - User seller@test.com successfully authenticated via JWT
2026-05-10 15:23:59.191 INFO  [main] com.adboard.controller.AdController - REST request to search ads: page=0, size=10, keyword=iPhone, categoryId=null
2026-05-10 15:23:59.258 INFO  [main] com.adboard.service.AdService - Search completed: found 2 ads (page 1/1) for filters: keyword=iPhone, category=null
2026-05-10 15:23:59.586 INFO  [main] c.adboard.controller.AuthController - REST request to login: seller@test.com
2026-05-10 15:23:59.931 INFO  [main] com.adboard.service.AuthService - User seller@test.com successfully logged in
2026-05-10 15:23:59.935 INFO  [main] com.adboard.service.UserService - Profile data successfully retrieved for user: seller@test.com
2026-05-10 15:24:00.026 INFO  [main] com.adboard.security.JwtAuthFilter - User seller@test.com successfully authenticated via JWT
2026-05-10 15:24:00.027 INFO  [main] com.adboard.controller.AdController - REST request to search ads: page=0, size=10, keyword=null, categoryId=1
2026-05-10 15:24:00.085 INFO  [main] com.adboard.service.AdService - Search completed: found 3 ads (page 1/1) for filters: keyword=null, category=1
2026-05-10 15:24:00.426 INFO  [main] c.adboard.controller.AuthController - REST request to login: seller@test.com
2026-05-10 15:24:00.738 INFO  [main] com.adboard.service.AuthService - User seller@test.com successfully logged in
2026-05-10 15:24:00.742 INFO  [main] com.adboard.service.UserService - Profile data successfully retrieved for user: seller@test.com
2026-05-10 15:24:00.819 INFO  [main] com.adboard.security.JwtAuthFilter - User seller@test.com successfully authenticated via JWT
2026-05-10 15:24:00.820 INFO  [main] com.adboard.controller.AdController - REST request to search ads: page=0, size=5, keyword=null, categoryId=null
2026-05-10 15:24:00.873 INFO  [main] com.adboard.service.AdService - Search completed: found 5 ads (page 1/3) for filters: keyword=null, category=null
2026-05-10 15:24:00.902 INFO  [main] c.adboard.controller.AuthController - REST request to register user: admin@test.com
2026-05-10 15:24:01.252 INFO  [main] com.adboard.service.AuthService - User registered: id=26, email=admin@test.com
2026-05-10 15:24:01.282 INFO  [main] c.adboard.controller.AuthController - REST request to register user: user@test.com
2026-05-10 15:24:01.599 INFO  [main] com.adboard.service.AuthService - User registered: id=27, email=user@test.com
2026-05-10 15:24:01.603 INFO  [main] c.adboard.controller.AuthController - REST request to register user: user@test.com
2026-05-10 15:24:01.606 ERROR [main] c.a.exception.GlobalExceptionHandler - Business logic conflict: Email already registered: user@test.com
2026-05-10 15:24:01.615 INFO  [main] c.adboard.controller.AuthController - REST request to register user: user@test.com
2026-05-10 15:24:01.941 INFO  [main] com.adboard.service.AuthService - User registered: id=28, email=user@test.com
2026-05-10 15:24:01.964 INFO  [main] c.adboard.controller.AuthController - REST request to register user: fake@test.com
2026-05-10 15:24:01.974 ERROR [main] c.a.exception.GlobalExceptionHandler - Bad request: Invalid admin secret token
2026-05-10 15:24:02.641 INFO  [main] c.adboard.controller.AuthController - REST request to login: commenter@test.com
2026-05-10 15:24:02.963 INFO  [main] com.adboard.service.AuthService - User commenter@test.com successfully logged in
2026-05-10 15:24:02.968 INFO  [main] com.adboard.service.UserService - Profile data successfully retrieved for user: commenter@test.com
2026-05-10 15:24:03.003 INFO  [main] com.adboard.security.JwtAuthFilter - User commenter@test.com successfully authenticated via JWT
2026-05-10 15:24:03.008 INFO  [main] c.a.controller.CommentController - REST request to add comment to ad: 60 by user: commenter@test.com
2026-05-10 15:24:03.042 INFO  [main] com.adboard.service.CommentService - Comment added successfully: id=7, ad=60, by=commenter@test.com
2026-05-10 15:24:03.054 INFO  [main] com.adboard.security.JwtAuthFilter - User commenter@test.com successfully authenticated via JWT
2026-05-10 15:24:03.056 INFO  [main] c.a.controller.CommentController - REST request to add comment to ad: 60 by user: commenter@test.com
2026-05-10 15:24:03.097 INFO  [main] com.adboard.service.CommentService - Comment added successfully: id=8, ad=60, by=commenter@test.com
2026-05-10 15:24:03.757 INFO  [main] c.adboard.controller.AuthController - REST request to login: commenter@test.com
2026-05-10 15:24:04.082 INFO  [main] com.adboard.service.AuthService - User commenter@test.com successfully logged in
2026-05-10 15:24:04.086 INFO  [main] com.adboard.service.UserService - Profile data successfully retrieved for user: commenter@test.com
2026-05-10 15:24:04.121 INFO  [main] com.adboard.security.JwtAuthFilter - User commenter@test.com successfully authenticated via JWT
2026-05-10 15:24:04.122 INFO  [main] c.a.controller.CommentController - REST request to add comment to ad: 61 by user: commenter@test.com
2026-05-10 15:24:04.139 INFO  [main] com.adboard.service.CommentService - Comment added successfully: id=15, ad=61, by=commenter@test.com
2026-05-10 15:24:04.773 INFO  [main] c.adboard.controller.AuthController - REST request to login: commenter@test.com
2026-05-10 15:24:05.092 INFO  [main] com.adboard.service.AuthService - User commenter@test.com successfully logged in
2026-05-10 15:24:05.096 INFO  [main] com.adboard.service.UserService - Profile data successfully retrieved for user: commenter@test.com
2026-05-10 15:24:05.134 INFO  [main] com.adboard.security.JwtAuthFilter - User commenter@test.com successfully authenticated via JWT
2026-05-10 15:24:05.136 INFO  [main] c.a.controller.CommentController - REST request to fetch comments for ad: 62, page=0
2026-05-10 15:24:05.178 INFO  [main] com.adboard.service.CommentService - Successfully retrieved 2 comments for ad 62 (page 1/1)
2026-05-10 15:24:05.808 INFO  [main] c.adboard.controller.AuthController - REST request to login: commenter@test.com
2026-05-10 15:24:06.133 INFO  [main] com.adboard.service.AuthService - User commenter@test.com successfully logged in
2026-05-10 15:24:06.136 INFO  [main] com.adboard.service.UserService - Profile data successfully retrieved for user: commenter@test.com
2026-05-10 15:24:06.177 INFO  [main] com.adboard.security.JwtAuthFilter - User commenter@test.com successfully authenticated via JWT
2026-05-10 15:24:06.178 INFO  [main] c.a.controller.CommentController - REST request to add comment to ad: 63 by user: commenter@test.com
2026-05-10 15:24:06.196 INFO  [main] com.adboard.service.CommentService - Comment added successfully: id=28, ad=63, by=commenter@test.com
2026-05-10 15:24:06.203 INFO  [main] com.adboard.security.JwtAuthFilter - User commenter@test.com successfully authenticated via JWT
2026-05-10 15:24:06.204 INFO  [main] c.a.controller.CommentController - REST request to delete comment: 28 for ad: 63
2026-05-10 15:24:06.211 INFO  [main] com.adboard.service.CommentService - Comment deleted successfully: id=28, ad=63
2026-05-10 15:24:06.231 INFO  [main] com.adboard.security.JwtAuthFilter - User commenter@test.com successfully authenticated via JWT
2026-05-10 15:24:06.233 INFO  [main] c.a.controller.CommentController - REST request to fetch comments for ad: 63, page=0
2026-05-10 15:24:06.240 INFO  [main] com.adboard.service.CommentService - Successfully retrieved 2 comments for ad 63 (page 1/1)
2026-05-10 15:24:06.931 INFO  [main] c.adboard.controller.AuthController - REST request to login: buyer@test.com
2026-05-10 15:24:07.245 INFO  [main] com.adboard.service.AuthService - User buyer@test.com successfully logged in
2026-05-10 15:24:07.247 INFO  [main] com.adboard.service.UserService - Profile data successfully retrieved for user: buyer@test.com
2026-05-10 15:24:07.509 INFO  [main] com.adboard.security.JwtAuthFilter - User buyer@test.com successfully authenticated via JWT
2026-05-10 15:24:07.513 INFO  [main] c.a.controller.MessageController - REST request to get chat history: ad=64, withUser=37, myUser=buyer@test.com
2026-05-10 15:24:07.588 INFO  [main] com.adboard.service.MessageService - Successfully retrieved 3 messages for conversation: ad=64, withUser=37
2026-05-10 15:24:07.601 INFO  [main] com.adboard.security.JwtAuthFilter - User buyer@test.com successfully authenticated via JWT
2026-05-10 15:24:07.604 INFO  [main] c.a.controller.MessageController - REST request to get chat history: ad=64, withUser=37, myUser=buyer@test.com
2026-05-10 15:24:07.633 INFO  [main] com.adboard.service.MessageService - Successfully retrieved 2 messages for conversation: ad=64, withUser=37
2026-05-10 15:24:08.296 INFO  [main] c.adboard.controller.AuthController - REST request to login: buyer@test.com
2026-05-10 15:24:08.613 INFO  [main] com.adboard.service.AuthService - User buyer@test.com successfully logged in
2026-05-10 15:24:08.617 INFO  [main] com.adboard.service.UserService - Profile data successfully retrieved for user: buyer@test.com
2026-05-10 15:24:08.630 INFO  [main] com.adboard.security.JwtAuthFilter - User buyer@test.com successfully authenticated via JWT
2026-05-10 15:24:08.634 INFO  [main] c.a.controller.MessageController - REST request to send message in ad: 65 to user: null
2026-05-10 15:24:08.659 DEBUG [main] com.adboard.service.MessageService - New conversation created: ad=65, users=40/39
2026-05-10 15:24:08.664 INFO  [main] com.adboard.service.MessageService - Message sent successfully: conversation=2, from=buyer@test.com, to=seller@test.com
2026-05-10 15:24:08.676 INFO  [main] com.adboard.security.JwtAuthFilter - User buyer@test.com successfully authenticated via JWT
2026-05-10 15:24:08.678 INFO  [main] c.a.controller.MessageController - REST request to send message in ad: 65 to user: null
2026-05-10 15:24:08.690 INFO  [main] com.adboard.service.MessageService - Message sent successfully: conversation=2, from=buyer@test.com, to=seller@test.com
2026-05-10 15:24:09.353 INFO  [main] c.adboard.controller.AuthController - REST request to login: buyer@test.com
2026-05-10 15:24:09.649 INFO  [main] com.adboard.service.AuthService - User buyer@test.com successfully logged in
2026-05-10 15:24:09.653 INFO  [main] com.adboard.service.UserService - Profile data successfully retrieved for user: buyer@test.com
2026-05-10 15:24:09.665 INFO  [main] com.adboard.security.JwtAuthFilter - User buyer@test.com successfully authenticated via JWT
2026-05-10 15:24:09.667 INFO  [main] c.a.controller.MessageController - REST request to send message in ad: 66 to user: null
2026-05-10 15:24:09.692 DEBUG [main] com.adboard.service.MessageService - New conversation created: ad=66, users=42/41
2026-05-10 15:24:09.696 INFO  [main] com.adboard.service.MessageService - Message sent successfully: conversation=3, from=buyer@test.com, to=seller@test.com
2026-05-10 15:24:10.089 INFO  [main] c.adboard.controller.AuthController - REST request to login: profile@test.com
2026-05-10 15:24:10.410 INFO  [main] com.adboard.service.AuthService - User profile@test.com successfully logged in
2026-05-10 15:24:10.414 INFO  [main] com.adboard.service.UserService - Profile data successfully retrieved for user: profile@test.com
2026-05-10 15:24:10.421 INFO  [main] com.adboard.security.JwtAuthFilter - User profile@test.com successfully authenticated via JWT
2026-05-10 15:24:10.421 INFO  [main] c.adboard.controller.UserController - REST request to get profile for user: profile@test.com
2026-05-10 15:24:10.425 INFO  [main] com.adboard.service.UserService - Profile data successfully retrieved for user: profile@test.com
2026-05-10 15:24:10.765 INFO  [main] c.adboard.controller.AuthController - REST request to login: profile@test.com
2026-05-10 15:24:11.077 INFO  [main] com.adboard.service.AuthService - User profile@test.com successfully logged in
2026-05-10 15:24:11.080 INFO  [main] com.adboard.service.UserService - Profile data successfully retrieved for user: profile@test.com
2026-05-10 15:24:11.085 ERROR [main] c.a.exception.GlobalExceptionHandler - Authentication failed: Full authentication is required to access this resource
2026-05-10 15:24:11.403 INFO  [main] c.adboard.controller.AuthController - REST request to login: profile@test.com
2026-05-10 15:24:11.718 INFO  [main] com.adboard.service.AuthService - User profile@test.com successfully logged in
2026-05-10 15:24:11.721 INFO  [main] com.adboard.service.UserService - Profile data successfully retrieved for user: profile@test.com
2026-05-10 15:24:11.729 INFO  [main] com.adboard.security.JwtAuthFilter - User profile@test.com successfully authenticated via JWT
2026-05-10 15:24:11.735 INFO  [main] c.adboard.controller.UserController - REST request to update profile for user: profile@test.com
2026-05-10 15:24:11.753 INFO  [main] com.adboard.service.UserService - Profile updated successfully for user: profile@test.com
2026-05-10 15:24:12.092 INFO  [main] c.adboard.controller.AuthController - REST request to login: profile@test.com
2026-05-10 15:24:12.415 INFO  [main] com.adboard.service.AuthService - User profile@test.com successfully logged in
2026-05-10 15:24:12.418 INFO  [main] com.adboard.service.UserService - Profile data successfully retrieved for user: profile@test.com
2026-05-10 15:24:12.424 INFO  [main] com.adboard.security.JwtAuthFilter - User profile@test.com successfully authenticated via JWT
2026-05-10 15:24:12.435 ERROR [main] c.a.exception.GlobalExceptionHandler - Bad request: Username is required
2026-05-10 15:24:12.776 INFO  [main] c.adboard.controller.AuthController - REST request to login: self@test.com
2026-05-10 15:24:13.083 INFO  [main] com.adboard.service.AuthService - User self@test.com successfully logged in
2026-05-10 15:24:13.086 INFO  [main] com.adboard.service.UserService - Profile data successfully retrieved for user: self@test.com
2026-05-10 15:24:13.094 INFO  [main] com.adboard.security.JwtAuthFilter - User self@test.com successfully authenticated via JWT
2026-05-10 15:24:13.104 INFO  [main] c.a.controller.ReviewController - REST request to add review for seller: 47 by user: self@test.com
2026-05-10 15:24:13.112 ERROR [main] c.a.exception.GlobalExceptionHandler - Bad request: Cannot leave a review for yourself
2026-05-10 15:24:13.761 INFO  [main] c.adboard.controller.AuthController - REST request to login: reviewer@test.com
2026-05-10 15:24:14.082 INFO  [main] com.adboard.service.AuthService - User reviewer@test.com successfully logged in
2026-05-10 15:24:14.085 INFO  [main] com.adboard.service.UserService - Profile data successfully retrieved for user: reviewer@test.com
2026-05-10 15:24:14.090 INFO  [main] com.adboard.security.JwtAuthFilter - User reviewer@test.com successfully authenticated via JWT
2026-05-10 15:24:14.092 INFO  [main] c.a.controller.ReviewController - REST request to add review for seller: 48 by user: reviewer@test.com
2026-05-10 15:24:14.108 INFO  [main] com.adboard.service.ReviewService - Review added successfully: sellerId=48, reviewer=reviewer@test.com, rating=4
2026-05-10 15:24:15.416 INFO  [main] c.adboard.controller.AuthController - REST request to login: rev1@test.com
2026-05-10 15:24:15.714 INFO  [main] com.adboard.service.AuthService - User rev1@test.com successfully logged in
2026-05-10 15:24:15.718 INFO  [main] com.adboard.service.UserService - Profile data successfully retrieved for user: rev1@test.com
2026-05-10 15:24:15.723 INFO  [main] com.adboard.security.JwtAuthFilter - User rev1@test.com successfully authenticated via JWT
2026-05-10 15:24:15.724 INFO  [main] c.a.controller.ReviewController - REST request to add review for seller: 50 by user: rev1@test.com
2026-05-10 15:24:15.735 INFO  [main] com.adboard.service.ReviewService - Review added successfully: sellerId=50, reviewer=rev1@test.com, rating=5
2026-05-10 15:24:15.738 INFO  [main] c.adboard.controller.AuthController - REST request to login: rev2@test.com
2026-05-10 15:24:16.058 INFO  [main] com.adboard.service.AuthService - User rev2@test.com successfully logged in
2026-05-10 15:24:16.062 INFO  [main] com.adboard.service.UserService - Profile data successfully retrieved for user: rev2@test.com
2026-05-10 15:24:16.067 INFO  [main] com.adboard.security.JwtAuthFilter - User rev2@test.com successfully authenticated via JWT
2026-05-10 15:24:16.068 INFO  [main] c.a.controller.ReviewController - REST request to add review for seller: 50 by user: rev2@test.com
2026-05-10 15:24:16.078 INFO  [main] com.adboard.service.ReviewService - Review added successfully: sellerId=50, reviewer=rev2@test.com, rating=5
2026-05-10 15:24:16.081 INFO  [main] c.adboard.controller.AuthController - REST request to login: rev1@test.com
2026-05-10 15:24:16.393 INFO  [main] com.adboard.service.AuthService - User rev1@test.com successfully logged in
2026-05-10 15:24:16.397 INFO  [main] com.adboard.service.UserService - Profile data successfully retrieved for user: rev1@test.com
2026-05-10 15:24:16.403 INFO  [main] com.adboard.security.JwtAuthFilter - User rev1@test.com successfully authenticated via JWT
2026-05-10 15:24:16.405 INFO  [main] c.a.controller.ReviewController - REST request to add review for seller: 51 by user: rev1@test.com
2026-05-10 15:24:16.416 INFO  [main] com.adboard.service.ReviewService - Review added successfully: sellerId=51, reviewer=rev1@test.com, rating=1
2026-05-10 15:24:16.418 INFO  [main] c.adboard.controller.AuthController - REST request to login: rev2@test.com
2026-05-10 15:24:16.726 INFO  [main] com.adboard.service.AuthService - User rev2@test.com successfully logged in
2026-05-10 15:24:16.729 INFO  [main] com.adboard.service.UserService - Profile data successfully retrieved for user: rev2@test.com
2026-05-10 15:24:16.734 INFO  [main] com.adboard.security.JwtAuthFilter - User rev2@test.com successfully authenticated via JWT
2026-05-10 15:24:16.735 INFO  [main] c.a.controller.ReviewController - REST request to add review for seller: 51 by user: rev2@test.com
2026-05-10 15:24:16.746 INFO  [main] com.adboard.service.ReviewService - Review added successfully: sellerId=51, reviewer=rev2@test.com, rating=1
2026-05-10 15:24:16.749 INFO  [main] c.adboard.controller.AuthController - REST request to login: rev1@test.com
2026-05-10 15:24:17.067 INFO  [main] com.adboard.service.AuthService - User rev1@test.com successfully logged in
2026-05-10 15:24:17.071 INFO  [main] com.adboard.service.UserService - Profile data successfully retrieved for user: rev1@test.com
2026-05-10 15:24:17.076 INFO  [main] com.adboard.security.JwtAuthFilter - User rev1@test.com successfully authenticated via JWT
2026-05-10 15:24:17.077 INFO  [main] com.adboard.controller.AdController - REST request to search ads: page=0, size=10, keyword=null, categoryId=null
2026-05-10 15:24:17.098 INFO  [main] com.adboard.service.AdService - Search completed: found 2 ads (page 1/1) for filters: keyword=null, category=null
2026-05-10 15:24:17.725 INFO  [main] c.adboard.controller.AuthController - REST request to login: dup-rev@test.com
2026-05-10 15:24:18.042 INFO  [main] com.adboard.service.AuthService - User dup-rev@test.com successfully logged in
2026-05-10 15:24:18.045 INFO  [main] com.adboard.service.UserService - Profile data successfully retrieved for user: dup-rev@test.com
2026-05-10 15:24:18.051 INFO  [main] com.adboard.security.JwtAuthFilter - User dup-rev@test.com successfully authenticated via JWT
2026-05-10 15:24:18.053 INFO  [main] c.a.controller.ReviewController - REST request to add review for seller: 54 by user: dup-rev@test.com
2026-05-10 15:24:18.065 INFO  [main] com.adboard.service.ReviewService - Review added successfully: sellerId=54, reviewer=dup-rev@test.com, rating=5
2026-05-10 15:24:18.071 INFO  [main] com.adboard.security.JwtAuthFilter - User dup-rev@test.com successfully authenticated via JWT
2026-05-10 15:24:18.072 INFO  [main] c.a.controller.ReviewController - REST request to add review for seller: 54 by user: dup-rev@test.com
2026-05-10 15:24:18.081 ERROR [main] c.a.exception.GlobalExceptionHandler - Business logic conflict: You have already reviewed this seller
2026-05-10 15:24:19.371 INFO  [main] com.adboard.controller.AdController - REST request to get ad by id: 999
2026-05-10 15:24:19.384 ERROR [main] c.a.exception.GlobalExceptionHandler - Resource not found: Ad not found
2026-05-10 15:24:19.473 INFO  [main] com.adboard.controller.AdController - REST request to search ads: page=0, size=10, keyword=iPhone, categoryId=5
2026-05-10 15:24:19.524 INFO  [main] com.adboard.controller.AdController - REST request to get ad by id: 1
2026-05-10 15:24:19.561 INFO  [main] com.adboard.controller.AdController - REST request to publish ad: 1 by admin: test@test.com
2026-05-10 15:24:19.607 INFO  [main] com.adboard.controller.AdController - REST request to update ad: id=999, user=test@test.com
2026-05-10 15:24:19.609 ERROR [main] c.a.exception.GlobalExceptionHandler - Resource not found: Ad not found
2026-05-10 15:24:19.662 INFO  [main] com.adboard.controller.AdController - REST request to create ad by user: test@test.com
2026-05-10 15:24:19.665 ERROR [main] c.a.exception.GlobalExceptionHandler - Resource not found: Category not found
2026-05-10 15:24:19.708 INFO  [main] com.adboard.controller.AdController - REST request to create ad by user: test@test.com
2026-05-10 15:24:19.758 INFO  [main] com.adboard.controller.AdController - REST request to update ad: id=1, user=null
2026-05-10 15:24:19.759 ERROR [main] c.a.exception.GlobalExceptionHandler - Access denied: Cannot edit ad: you are not the owner
2026-05-10 15:24:19.800 INFO  [main] com.adboard.controller.AdController - REST request to delete ad: id=1, user=test@test.com
2026-05-10 15:24:19.853 INFO  [main] com.adboard.controller.AdController - REST request to update ad: id=1, user=null
2026-05-10 15:24:19.855 ERROR [main] c.a.exception.GlobalExceptionHandler - Business logic conflict: Cannot edit ad with status: SOLD
2026-05-10 15:24:19.910 INFO  [main] com.adboard.controller.AdController - REST request to update ad: id=1, user=test@test.com
2026-05-10 15:24:20.109 ERROR [main] c.a.exception.GlobalExceptionHandler - Bad request: Username is required
2026-05-10 15:24:20.156 INFO  [main] c.adboard.controller.AuthController - REST request to register user: test@test.com
2026-05-10 15:24:20.158 ERROR [main] c.a.exception.GlobalExceptionHandler - Business logic conflict: Email already registered: test@test.com
2026-05-10 15:24:20.193 INFO  [main] c.adboard.controller.AuthController - REST request to login: test@test.com
2026-05-10 15:24:20.224 INFO  [main] c.adboard.controller.AuthController - REST request to login: test@test.com
2026-05-10 15:24:20.225 ERROR [main] c.a.exception.GlobalExceptionHandler - Authentication failed: Invalid email or password
2026-05-10 15:24:20.273 INFO  [main] c.adboard.controller.AuthController - REST request to register user: test@test.com
2026-05-10 15:24:20.413 INFO  [main] c.a.controller.CommentController - REST request to add comment to ad: 1 by user: test@test.com
2026-05-10 15:24:20.415 ERROR [main] c.a.exception.GlobalExceptionHandler - Bad request: Parent comment does not belong to this ad
2026-05-10 15:24:20.448 ERROR [main] c.a.exception.GlobalExceptionHandler - Bad request: Comment text is required
2026-05-10 15:24:20.475 INFO  [main] c.a.controller.CommentController - REST request to add comment to ad: 1 by user: test@test.com
2026-05-10 15:24:20.476 ERROR [main] c.a.exception.GlobalExceptionHandler - Resource not found: Comment not found
2026-05-10 15:24:20.500 INFO  [main] c.a.controller.CommentController - REST request to delete comment: 999 for ad: 1
2026-05-10 15:24:20.503 ERROR [main] c.a.exception.GlobalExceptionHandler - Resource not found: Comment not found
2026-05-10 15:24:20.522 INFO  [main] c.a.controller.CommentController - REST request to delete comment: 10 for ad: 1
2026-05-10 15:24:20.525 ERROR [main] c.a.exception.GlobalExceptionHandler - Bad request: Comment does not belong to this ad
2026-05-10 15:24:20.544 INFO  [main] c.a.controller.CommentController - REST request to fetch comments for ad: 1, page=0
2026-05-10 15:24:20.570 INFO  [main] c.a.controller.CommentController - REST request to add comment to ad: 1 by user: test@test.com
2026-05-10 15:24:20.596 INFO  [main] c.a.controller.CommentController - REST request to delete comment: 10 for ad: 1
2026-05-10 15:24:20.618 INFO  [main] c.a.controller.CommentController - REST request to fetch comments for ad: 999, page=0
2026-05-10 15:24:20.620 ERROR [main] c.a.exception.GlobalExceptionHandler - Resource not found: Ad not found
2026-05-10 15:24:20.646 INFO  [main] c.a.controller.CommentController - REST request to delete comment: 10 for ad: 1
2026-05-10 15:24:20.648 ERROR [main] c.a.exception.GlobalExceptionHandler - Access denied: Not your comment
2026-05-10 15:24:20.793 INFO  [main] c.a.controller.MessageController - REST request to get chat history: ad=1, withUser=2, myUser=test@test.com
2026-05-10 15:24:20.843 INFO  [main] c.a.controller.MessageController - REST request to send message in ad: 1 to user: 2
2026-05-10 15:24:20.845 ERROR [main] c.a.exception.GlobalExceptionHandler - Business logic conflict: Cannot send messages: conversation is blocked
2026-05-10 15:24:20.871 INFO  [main] c.a.controller.MessageController - REST request to send message in ad: 1 to user: 2
2026-05-10 15:24:20.895 INFO  [main] c.a.controller.MessageController - REST request to send message in ad: 1 to user: 1
2026-05-10 15:24:20.896 ERROR [main] c.a.exception.GlobalExceptionHandler - Bad request: Cannot send a message to yourself
2026-05-10 15:24:20.917 ERROR [main] c.a.exception.GlobalExceptionHandler - Bad request: Required request parameter 'withUserId' for method parameter type Long is not present
2026-05-10 15:24:20.942 ERROR [main] c.a.exception.GlobalExceptionHandler - Bad request: Message content is required
2026-05-10 15:24:20.977 INFO  [main] c.a.controller.PromotionController - REST request to promote ad: 1 by user: test@test.com
2026-05-10 15:24:21.000 INFO  [main] c.a.controller.PromotionController - REST request to promote ad: 999 by user: test@test.com
2026-05-10 15:24:21.001 ERROR [main] c.a.exception.GlobalExceptionHandler - Resource not found: Ad not found
2026-05-10 15:24:21.020 INFO  [main] c.a.controller.PromotionController - REST request to promote ad: 1 by user: test@test.com
2026-05-10 15:24:21.023 ERROR [main] c.a.exception.GlobalExceptionHandler - Access denied: You don't own this ad
2026-05-10 15:24:21.051 INFO  [main] c.a.controller.PromotionController - REST request to promote ad: 1 by user: test@test.com
2026-05-10 15:24:21.053 ERROR [main] c.a.exception.GlobalExceptionHandler - Business logic conflict: Ad is already promoted
2026-05-10 15:24:21.189 INFO  [main] c.a.controller.ReviewController - REST request to fetch reviews for seller: 999, page=0
2026-05-10 15:24:21.190 ERROR [main] c.a.exception.GlobalExceptionHandler - Resource not found: Seller not found
2026-05-10 15:24:21.215 ERROR [main] c.a.exception.GlobalExceptionHandler - Bad request: Rating is required
2026-05-10 15:24:21.231 INFO  [main] c.a.controller.ReviewController - REST request to fetch reviews for seller: 1, page=0
2026-05-10 15:24:21.258 INFO  [main] c.a.controller.ReviewController - REST request to add review for seller: 1 by user: test@test.com
2026-05-10 15:24:21.259 ERROR [main] c.a.exception.GlobalExceptionHandler - Bad request: Cannot leave a review for yourself
2026-05-10 15:24:21.284 INFO  [main] c.a.controller.ReviewController - REST request to add review for seller: 1 by user: test@test.com
2026-05-10 15:24:21.310 INFO  [main] c.a.controller.ReviewController - REST request to add review for seller: 1 by user: test@test.com
2026-05-10 15:24:21.312 ERROR [main] c.a.exception.GlobalExceptionHandler - Business logic conflict: You have already reviewed this seller
2026-05-10 15:24:21.341 INFO  [main] c.a.c.SalesHistoryController - REST request to get sales history for user: test@test.com, page=0
2026-05-10 15:24:21.367 ERROR [main] c.a.exception.GlobalExceptionHandler - Bad request: Failed to convert value of type 'java.lang.String' to required type 'int'; For input string: "notanumber"
2026-05-10 15:24:21.476 ERROR [main] c.a.exception.GlobalExceptionHandler - Bad request: Username is required
2026-05-10 15:24:21.503 INFO  [main] c.adboard.controller.UserController - REST request to update profile for user: test@test.com
2026-05-10 15:24:21.525 INFO  [main] c.adboard.controller.UserController - REST request to get profile for user: test@test.com
2026-05-10 15:24:21.526 ERROR [main] c.a.exception.GlobalExceptionHandler - Resource not found: User not found
2026-05-10 15:24:21.545 INFO  [main] c.adboard.controller.UserController - REST request to get profile for user: test@test.com
2026-05-10 15:24:21.571 INFO  [main] c.adboard.controller.UserController - REST request to update profile for user: test@test.com
2026-05-10 15:24:21.573 ERROR [main] c.a.exception.GlobalExceptionHandler - Resource not found: User not found
2026-05-10 15:24:22.005 INFO  [main] com.adboard.service.AdService - Ad 10 successfully promoted for user seller@test.com. Expires at: 2026-06-09T15:24:22.005586300
2026-05-10 15:24:22.071 INFO  [main] com.adboard.service.AdService - Search completed: found 1 ads (page 1/1) for filters: keyword=iphone, category=null
2026-05-10 15:24:22.078 INFO  [main] com.adboard.service.AdService - Ad deleted successfully: id=10, by=seller@test.com
2026-05-10 15:24:22.089 INFO  [main] com.adboard.service.AdService - Search completed: found 1 ads (page 1/3) for filters: keyword=null, category=null
2026-05-10 15:24:22.098 INFO  [main] com.adboard.service.AdService - Successfully retrieved sales history for user seller@test.com: 1 ads (page 1/1)
2026-05-10 15:24:22.121 INFO  [main] com.adboard.service.AdService - Ad published by admin null: id=10
2026-05-10 15:24:22.144 INFO  [main] com.adboard.service.AdService - Search completed: found 1 ads (page 1/1) for filters: keyword=null, category=null
2026-05-10 15:24:22.723 INFO  [main] com.adboard.service.AuthService - User registered: id=null, email=test@mail.com
2026-05-10 15:24:22.757 INFO  [main] com.adboard.service.AuthService - User test@mail.com successfully logged in
2026-05-10 15:24:22.771 INFO  [main] com.adboard.service.AuthService - User registered: id=null, email=test@mail.com
2026-05-10 15:24:22.800 INFO  [main] com.adboard.service.AuthService - User registered: id=null, email=test@mail.com
2026-05-10 15:24:23.014 INFO  [main] com.adboard.service.CommentService - Comment added successfully: id=100, ad=1, by=user@test.com
2026-05-10 15:24:23.022 INFO  [main] com.adboard.service.CommentService - Comment added successfully: id=100, ad=1, by=user@test.com
2026-05-10 15:24:23.042 INFO  [main] com.adboard.service.CommentService - Successfully retrieved 2 comments for ad 1 (page 1/1)
2026-05-10 15:24:23.050 INFO  [main] com.adboard.service.CommentService - Comment deleted successfully: id=100, ad=1
2026-05-10 15:24:23.391 DEBUG [main] com.adboard.service.MessageService - New conversation created: ad=10, users=2/1
2026-05-10 15:24:23.392 INFO  [main] com.adboard.service.MessageService - Message sent successfully: conversation=null, from=buyer@test.com, to=seller@test.com
2026-05-10 15:24:23.407 INFO  [main] com.adboard.service.MessageService - Message sent successfully: conversation=100, from=buyer@test.com, to=seller@test.com
2026-05-10 15:24:23.415 INFO  [main] com.adboard.service.MessageService - Successfully retrieved 1 messages for conversation: ad=10, withUser=1
2026-05-10 15:24:23.423 DEBUG [main] com.adboard.service.MessageService - New conversation created: ad=10, users=2/1
2026-05-10 15:24:23.424 INFO  [main] com.adboard.service.MessageService - Message sent successfully: conversation=null, from=buyer@test.com, to=seller@test.com
2026-05-10 15:24:23.607 INFO  [main] com.adboard.service.ReviewService - Review added successfully: sellerId=1, reviewer=reviewer@test.com, rating=5
2026-05-10 15:24:23.618 INFO  [main] com.adboard.service.ReviewService - Successfully retrieved 1 reviews for seller 1 (page 1/2)
2026-05-10 15:24:23.622 INFO  [main] com.adboard.service.ReviewService - Successfully retrieved 0 reviews for seller 1 (page 1/0)
2026-05-10 15:24:23.638 INFO  [main] com.adboard.service.UserService - Profile data successfully retrieved for user: user@test.com
2026-05-10 15:24:23.650 INFO  [main] com.adboard.service.UserService - Profile updated successfully for user: user@test.com
2026-05-10 15:25:20.571 WARN  [main] o.s.c.s.PostProcessorRegistrationDelegate$BeanPostProcessorChecker - Bean 'jpaConfig' of type [com.adboard.config.JpaConfig$$SpringCGLIB$$0] is not eligible for getting processed by all BeanPostProcessors (for example: not eligible for auto-proxying). The currently created BeanPostProcessor [exceptionTranslation] is declared through a non-static factory method on that class; consider declaring it as static instead.
2026-05-10 15:25:27.355 INFO  [main] c.adboard.controller.AuthController - REST request to register user: admin@test.com
2026-05-10 15:25:28.240 INFO  [main] com.adboard.service.AuthService - User registered: id=1, email=admin@test.com
2026-05-10 15:25:28.533 INFO  [main] c.adboard.controller.AuthController - REST request to register user: user@test.com
2026-05-10 15:25:28.850 INFO  [main] com.adboard.service.AuthService - User registered: id=2, email=user@test.com
2026-05-10 15:25:28.855 INFO  [main] c.adboard.controller.AuthController - REST request to register user: user@test.com
2026-05-10 15:25:28.862 ERROR [main] c.a.exception.GlobalExceptionHandler - Business logic conflict: Email already registered: user@test.com
2026-05-10 15:25:28.879 INFO  [main] c.adboard.controller.AuthController - REST request to register user: user@test.com
2026-05-10 15:25:29.193 INFO  [main] com.adboard.service.AuthService - User registered: id=3, email=user@test.com
2026-05-10 15:25:29.211 INFO  [main] c.adboard.controller.AuthController - REST request to register user: fake@test.com
2026-05-10 15:25:29.216 ERROR [main] c.a.exception.GlobalExceptionHandler - Bad request: Invalid admin secret token
2026-05-10 15:25:29.875 INFO  [main] c.adboard.controller.AuthController - REST request to login: seller-sales@test.com
2026-05-10 15:25:30.467 INFO  [main] com.adboard.service.AuthService - User seller-sales@test.com successfully logged in
2026-05-10 15:25:30.471 INFO  [main] com.adboard.service.UserService - Profile data successfully retrieved for user: seller-sales@test.com
2026-05-10 15:25:30.474 INFO  [main] c.adboard.controller.AuthController - REST request to login: buyer-sales@test.com
2026-05-10 15:25:30.776 INFO  [main] com.adboard.service.AuthService - User buyer-sales@test.com successfully logged in
2026-05-10 15:25:30.780 INFO  [main] com.adboard.service.UserService - Profile data successfully retrieved for user: buyer-sales@test.com
2026-05-10 15:25:30.839 INFO  [main] com.adboard.security.JwtAuthFilter - User seller-sales@test.com successfully authenticated via JWT
2026-05-10 15:25:30.843 INFO  [main] com.adboard.controller.AdController - REST request to mark ad as sold: 1 by user: seller-sales@test.com
2026-05-10 15:25:30.916 INFO  [main] com.adboard.service.AdService - Ad marked as sold: id=1, by=seller-sales@test.com
2026-05-10 15:25:31.554 INFO  [main] c.adboard.controller.AuthController - REST request to login: seller-sales@test.com
2026-05-10 15:25:31.856 INFO  [main] com.adboard.service.AuthService - User seller-sales@test.com successfully logged in
2026-05-10 15:25:31.860 INFO  [main] com.adboard.service.UserService - Profile data successfully retrieved for user: seller-sales@test.com
2026-05-10 15:25:31.862 INFO  [main] c.adboard.controller.AuthController - REST request to login: buyer-sales@test.com
2026-05-10 15:25:32.159 INFO  [main] com.adboard.service.AuthService - User buyer-sales@test.com successfully logged in
2026-05-10 15:25:32.162 INFO  [main] com.adboard.service.UserService - Profile data successfully retrieved for user: buyer-sales@test.com
2026-05-10 15:25:32.174 INFO  [main] com.adboard.security.JwtAuthFilter - User buyer-sales@test.com successfully authenticated via JWT
2026-05-10 15:25:32.174 INFO  [main] com.adboard.controller.AdController - REST request to mark ad as sold: 2 by user: buyer-sales@test.com
2026-05-10 15:25:32.185 ERROR [main] c.a.exception.GlobalExceptionHandler - Access denied: Cannot mark ad as sold: you are not the owner
2026-05-10 15:25:32.795 INFO  [main] c.adboard.controller.AuthController - REST request to login: seller-sales@test.com
2026-05-10 15:25:33.094 INFO  [main] com.adboard.service.AuthService - User seller-sales@test.com successfully logged in
2026-05-10 15:25:33.098 INFO  [main] com.adboard.service.UserService - Profile data successfully retrieved for user: seller-sales@test.com
2026-05-10 15:25:33.100 INFO  [main] c.adboard.controller.AuthController - REST request to login: buyer-sales@test.com
2026-05-10 15:25:33.404 INFO  [main] com.adboard.service.AuthService - User buyer-sales@test.com successfully logged in
2026-05-10 15:25:33.406 INFO  [main] com.adboard.service.UserService - Profile data successfully retrieved for user: buyer-sales@test.com
2026-05-10 15:25:33.420 INFO  [main] com.adboard.security.JwtAuthFilter - User seller-sales@test.com successfully authenticated via JWT
2026-05-10 15:25:33.421 INFO  [main] com.adboard.controller.AdController - REST request to mark ad as sold: 4 by user: seller-sales@test.com
2026-05-10 15:25:33.436 INFO  [main] com.adboard.service.AdService - Ad marked as sold: id=4, by=seller-sales@test.com
2026-05-10 15:25:33.441 INFO  [main] com.adboard.security.JwtAuthFilter - User buyer-sales@test.com successfully authenticated via JWT
2026-05-10 15:25:33.443 INFO  [main] com.adboard.controller.AdController - REST request to search ads: page=0, size=10, keyword=null, categoryId=null
2026-05-10 15:25:33.492 INFO  [main] com.adboard.service.AdService - Search completed: found 1 ads (page 1/1) for filters: keyword=null, category=null
2026-05-10 15:25:34.812 DEBUG [main] com.adboard.service.MessageService - New conversation created: ad=10, users=2/1
2026-05-10 15:25:34.813 INFO  [main] com.adboard.service.MessageService - Message sent successfully: conversation=null, from=buyer@test.com, to=seller@test.com
2026-05-10 15:25:34.860 INFO  [main] com.adboard.service.MessageService - Message sent successfully: conversation=100, from=buyer@test.com, to=seller@test.com
2026-05-10 15:25:34.873 INFO  [main] com.adboard.service.MessageService - Successfully retrieved 1 messages for conversation: ad=10, withUser=1
2026-05-10 15:25:34.889 DEBUG [main] com.adboard.service.MessageService - New conversation created: ad=10, users=2/1
2026-05-10 15:25:34.890 INFO  [main] com.adboard.service.MessageService - Message sent successfully: conversation=null, from=buyer@test.com, to=seller@test.com
2026-05-10 15:25:35.036 INFO  [main] c.a.controller.MessageController - REST request to get chat history: ad=1, withUser=2, myUser=test@test.com
2026-05-10 15:25:35.089 INFO  [main] c.a.controller.MessageController - REST request to send message in ad: 1 to user: 2
2026-05-10 15:25:35.091 ERROR [main] c.a.exception.GlobalExceptionHandler - Business logic conflict: Cannot send messages: conversation is blocked
2026-05-10 15:25:35.128 INFO  [main] c.a.controller.MessageController - REST request to send message in ad: 1 to user: 2
2026-05-10 15:25:35.170 INFO  [main] c.a.controller.MessageController - REST request to send message in ad: 1 to user: 1
2026-05-10 15:25:35.171 ERROR [main] c.a.exception.GlobalExceptionHandler - Bad request: Cannot send a message to yourself
2026-05-10 15:25:35.197 ERROR [main] c.a.exception.GlobalExceptionHandler - Bad request: Required request parameter 'withUserId' for method parameter type Long is not present
2026-05-10 15:25:35.244 ERROR [main] c.a.exception.GlobalExceptionHandler - Bad request: Message content is required
2026-05-10 15:25:35.342 INFO  [main] c.a.controller.ReviewController - REST request to fetch reviews for seller: 999, page=0
2026-05-10 15:25:35.344 ERROR [main] c.a.exception.GlobalExceptionHandler - Resource not found: Seller not found
2026-05-10 15:25:35.379 ERROR [main] c.a.exception.GlobalExceptionHandler - Bad request: Rating is required
2026-05-10 15:25:35.402 INFO  [main] c.a.controller.ReviewController - REST request to fetch reviews for seller: 1, page=0
2026-05-10 15:25:35.429 INFO  [main] c.a.controller.ReviewController - REST request to add review for seller: 1 by user: test@test.com
2026-05-10 15:25:35.431 ERROR [main] c.a.exception.GlobalExceptionHandler - Bad request: Cannot leave a review for yourself
2026-05-10 15:25:35.457 INFO  [main] c.a.controller.ReviewController - REST request to add review for seller: 1 by user: test@test.com
2026-05-10 15:25:35.488 INFO  [main] c.a.controller.ReviewController - REST request to add review for seller: 1 by user: test@test.com
2026-05-10 15:25:35.489 ERROR [main] c.a.exception.GlobalExceptionHandler - Business logic conflict: You have already reviewed this seller
2026-05-10 15:25:35.603 INFO  [main] c.a.c.SalesHistoryController - REST request to get sales history for user: test@test.com, page=0
2026-05-10 15:25:35.627 ERROR [main] c.a.exception.GlobalExceptionHandler - Bad request: Failed to convert value of type 'java.lang.String' to required type 'int'; For input string: "notanumber"
2026-05-10 15:25:36.486 INFO  [main] c.adboard.controller.AuthController - REST request to login: seller@test.com
2026-05-10 15:25:36.816 INFO  [main] com.adboard.service.AuthService - User seller@test.com successfully logged in
2026-05-10 15:25:36.824 INFO  [main] com.adboard.service.UserService - Profile data successfully retrieved for user: seller@test.com
2026-05-10 15:25:36.831 INFO  [main] c.adboard.controller.AuthController - REST request to login: other@test.com
2026-05-10 15:25:37.133 INFO  [main] com.adboard.service.AuthService - User other@test.com successfully logged in
2026-05-10 15:25:37.138 INFO  [main] com.adboard.service.UserService - Profile data successfully retrieved for user: other@test.com
2026-05-10 15:25:37.164 INFO  [main] com.adboard.security.JwtAuthFilter - User seller@test.com successfully authenticated via JWT
2026-05-10 15:25:37.166 INFO  [main] com.adboard.controller.AdController - REST request to search ads: page=0, size=10, keyword=null, categoryId=null
2026-05-10 15:25:37.198 INFO  [main] com.adboard.service.AdService - Search completed: found 3 ads (page 1/1) for filters: keyword=null, category=null
2026-05-10 15:25:37.822 INFO  [main] c.adboard.controller.AuthController - REST request to login: seller@test.com
2026-05-10 15:25:38.120 INFO  [main] com.adboard.service.AuthService - User seller@test.com successfully logged in
2026-05-10 15:25:38.124 INFO  [main] com.adboard.service.UserService - Profile data successfully retrieved for user: seller@test.com
2026-05-10 15:25:38.128 INFO  [main] c.adboard.controller.AuthController - REST request to login: other@test.com
2026-05-10 15:25:38.424 INFO  [main] com.adboard.service.AuthService - User other@test.com successfully logged in
2026-05-10 15:25:38.428 INFO  [main] com.adboard.service.UserService - Profile data successfully retrieved for user: other@test.com
2026-05-10 15:25:38.443 INFO  [main] com.adboard.security.JwtAuthFilter - User seller@test.com successfully authenticated via JWT
2026-05-10 15:25:38.446 INFO  [main] c.a.controller.PromotionController - REST request to promote ad: 8 by user: seller@test.com
2026-05-10 15:25:38.460 INFO  [main] com.adboard.service.AdService - Ad 8 successfully promoted for user seller@test.com. Expires at: 2026-06-09T15:25:38.460292
2026-05-10 15:25:39.085 INFO  [main] c.adboard.controller.AuthController - REST request to login: seller@test.com
2026-05-10 15:25:39.377 INFO  [main] com.adboard.service.AuthService - User seller@test.com successfully logged in
2026-05-10 15:25:39.381 INFO  [main] com.adboard.service.UserService - Profile data successfully retrieved for user: seller@test.com
2026-05-10 15:25:39.384 INFO  [main] c.adboard.controller.AuthController - REST request to login: other@test.com
2026-05-10 15:25:39.682 INFO  [main] com.adboard.service.AuthService - User other@test.com successfully logged in
2026-05-10 15:25:39.685 INFO  [main] com.adboard.service.UserService - Profile data successfully retrieved for user: other@test.com
2026-05-10 15:25:39.698 INFO  [main] com.adboard.security.JwtAuthFilter - User seller@test.com successfully authenticated via JWT
2026-05-10 15:25:39.698 INFO  [main] c.a.controller.PromotionController - REST request to promote ad: 9 by user: seller@test.com
2026-05-10 15:25:39.709 ERROR [main] c.a.exception.GlobalExceptionHandler - Business logic conflict: Ad is already promoted
2026-05-10 15:25:40.339 INFO  [main] c.adboard.controller.AuthController - REST request to login: seller@test.com
2026-05-10 15:25:40.644 INFO  [main] com.adboard.service.AuthService - User seller@test.com successfully logged in
2026-05-10 15:25:40.648 INFO  [main] com.adboard.service.UserService - Profile data successfully retrieved for user: seller@test.com
2026-05-10 15:25:40.655 INFO  [main] c.adboard.controller.AuthController - REST request to login: other@test.com
2026-05-10 15:25:40.949 INFO  [main] com.adboard.service.AuthService - User other@test.com successfully logged in
2026-05-10 15:25:40.952 INFO  [main] com.adboard.service.UserService - Profile data successfully retrieved for user: other@test.com
2026-05-10 15:25:40.963 INFO  [main] com.adboard.security.JwtAuthFilter - User other@test.com successfully authenticated via JWT
2026-05-10 15:25:40.964 INFO  [main] c.a.controller.PromotionController - REST request to promote ad: 10 by user: other@test.com
2026-05-10 15:25:40.975 ERROR [main] c.a.exception.GlobalExceptionHandler - Access denied: You don't own this ad
2026-05-10 15:25:41.081 ERROR [main] c.a.exception.GlobalExceptionHandler - Bad request: Email is required
2026-05-10 15:25:41.108 INFO  [main] c.adboard.controller.AuthController - REST request to register user: test@test.com
2026-05-10 15:25:41.110 ERROR [main] c.a.exception.GlobalExceptionHandler - Business logic conflict: Email already registered: test@test.com
2026-05-10 15:25:41.131 INFO  [main] c.adboard.controller.AuthController - REST request to login: test@test.com
2026-05-10 15:25:41.152 INFO  [main] c.adboard.controller.AuthController - REST request to login: test@test.com
2026-05-10 15:25:41.153 ERROR [main] c.a.exception.GlobalExceptionHandler - Authentication failed: Invalid email or password
2026-05-10 15:25:41.174 INFO  [main] c.adboard.controller.AuthController - REST request to register user: test@test.com
2026-05-10 15:25:41.268 INFO  [main] c.a.controller.CommentController - REST request to add comment to ad: 1 by user: test@test.com
2026-05-10 15:25:41.269 ERROR [main] c.a.exception.GlobalExceptionHandler - Bad request: Parent comment does not belong to this ad
2026-05-10 15:25:41.289 ERROR [main] c.a.exception.GlobalExceptionHandler - Bad request: Comment text is required
2026-05-10 15:25:41.309 INFO  [main] c.a.controller.CommentController - REST request to add comment to ad: 1 by user: test@test.com
2026-05-10 15:25:41.310 ERROR [main] c.a.exception.GlobalExceptionHandler - Resource not found: Comment not found
2026-05-10 15:25:41.327 INFO  [main] c.a.controller.CommentController - REST request to delete comment: 999 for ad: 1
2026-05-10 15:25:41.328 ERROR [main] c.a.exception.GlobalExceptionHandler - Resource not found: Comment not found
2026-05-10 15:25:41.345 INFO  [main] c.a.controller.CommentController - REST request to delete comment: 10 for ad: 1
2026-05-10 15:25:41.346 ERROR [main] c.a.exception.GlobalExceptionHandler - Bad request: Comment does not belong to this ad
2026-05-10 15:25:41.363 INFO  [main] c.a.controller.CommentController - REST request to fetch comments for ad: 1, page=0
2026-05-10 15:25:41.390 INFO  [main] c.a.controller.CommentController - REST request to add comment to ad: 1 by user: test@test.com
2026-05-10 15:25:41.407 INFO  [main] c.a.controller.CommentController - REST request to delete comment: 10 for ad: 1
2026-05-10 15:25:41.425 INFO  [main] c.a.controller.CommentController - REST request to fetch comments for ad: 999, page=0
2026-05-10 15:25:41.426 ERROR [main] c.a.exception.GlobalExceptionHandler - Resource not found: Ad not found
2026-05-10 15:25:41.443 INFO  [main] c.a.controller.CommentController - REST request to delete comment: 10 for ad: 1
2026-05-10 15:25:41.444 ERROR [main] c.a.exception.GlobalExceptionHandler - Access denied: Not your comment
2026-05-10 15:25:41.459 INFO  [main] c.a.controller.PromotionController - REST request to promote ad: 1 by user: test@test.com
2026-05-10 15:25:41.474 INFO  [main] c.a.controller.PromotionController - REST request to promote ad: 999 by user: test@test.com
2026-05-10 15:25:41.476 ERROR [main] c.a.exception.GlobalExceptionHandler - Resource not found: Ad not found
2026-05-10 15:25:41.490 INFO  [main] c.a.controller.PromotionController - REST request to promote ad: 1 by user: test@test.com
2026-05-10 15:25:41.490 ERROR [main] c.a.exception.GlobalExceptionHandler - Access denied: You don't own this ad
2026-05-10 15:25:41.505 INFO  [main] c.a.controller.PromotionController - REST request to promote ad: 1 by user: test@test.com
2026-05-10 15:25:41.506 ERROR [main] c.a.exception.GlobalExceptionHandler - Business logic conflict: Ad is already promoted
2026-05-10 15:25:41.555 INFO  [main] com.adboard.service.UserService - Profile data successfully retrieved for user: user@test.com
2026-05-10 15:25:41.569 INFO  [main] com.adboard.service.UserService - Profile updated successfully for user: user@test.com
2026-05-10 15:25:42.211 INFO  [main] c.adboard.controller.AuthController - REST request to login: commenter@test.com
2026-05-10 15:25:42.516 INFO  [main] com.adboard.service.AuthService - User commenter@test.com successfully logged in
2026-05-10 15:25:42.520 INFO  [main] com.adboard.service.UserService - Profile data successfully retrieved for user: commenter@test.com
2026-05-10 15:25:42.593 INFO  [main] com.adboard.security.JwtAuthFilter - User commenter@test.com successfully authenticated via JWT
2026-05-10 15:25:42.597 INFO  [main] c.a.controller.CommentController - REST request to add comment to ad: 11 by user: commenter@test.com
2026-05-10 15:25:42.619 INFO  [main] com.adboard.service.CommentService - Comment added successfully: id=7, ad=11, by=commenter@test.com
2026-05-10 15:25:42.631 INFO  [main] com.adboard.security.JwtAuthFilter - User commenter@test.com successfully authenticated via JWT
2026-05-10 15:25:42.632 INFO  [main] c.a.controller.CommentController - REST request to add comment to ad: 11 by user: commenter@test.com
2026-05-10 15:25:42.656 INFO  [main] com.adboard.service.CommentService - Comment added successfully: id=8, ad=11, by=commenter@test.com
2026-05-10 15:25:43.311 INFO  [main] c.adboard.controller.AuthController - REST request to login: commenter@test.com
2026-05-10 15:25:43.612 INFO  [main] com.adboard.service.AuthService - User commenter@test.com successfully logged in
2026-05-10 15:25:43.616 INFO  [main] com.adboard.service.UserService - Profile data successfully retrieved for user: commenter@test.com
2026-05-10 15:25:43.649 INFO  [main] com.adboard.security.JwtAuthFilter - User commenter@test.com successfully authenticated via JWT
2026-05-10 15:25:43.651 INFO  [main] c.a.controller.CommentController - REST request to add comment to ad: 12 by user: commenter@test.com
2026-05-10 15:25:43.667 INFO  [main] com.adboard.service.CommentService - Comment added successfully: id=15, ad=12, by=commenter@test.com
2026-05-10 15:25:44.278 INFO  [main] c.adboard.controller.AuthController - REST request to login: commenter@test.com
2026-05-10 15:25:44.580 INFO  [main] com.adboard.service.AuthService - User commenter@test.com successfully logged in
2026-05-10 15:25:44.583 INFO  [main] com.adboard.service.UserService - Profile data successfully retrieved for user: commenter@test.com
2026-05-10 15:25:44.621 INFO  [main] com.adboard.security.JwtAuthFilter - User commenter@test.com successfully authenticated via JWT
2026-05-10 15:25:44.622 INFO  [main] c.a.controller.CommentController - REST request to fetch comments for ad: 13, page=0
2026-05-10 15:25:44.641 INFO  [main] com.adboard.service.CommentService - Successfully retrieved 2 comments for ad 13 (page 1/1)
2026-05-10 15:25:45.259 INFO  [main] c.adboard.controller.AuthController - REST request to login: commenter@test.com
2026-05-10 15:25:45.554 INFO  [main] com.adboard.service.AuthService - User commenter@test.com successfully logged in
2026-05-10 15:25:45.557 INFO  [main] com.adboard.service.UserService - Profile data successfully retrieved for user: commenter@test.com
2026-05-10 15:25:45.595 INFO  [main] com.adboard.security.JwtAuthFilter - User commenter@test.com successfully authenticated via JWT
2026-05-10 15:25:45.597 INFO  [main] c.a.controller.CommentController - REST request to add comment to ad: 14 by user: commenter@test.com
2026-05-10 15:25:45.613 INFO  [main] com.adboard.service.CommentService - Comment added successfully: id=28, ad=14, by=commenter@test.com
2026-05-10 15:25:45.619 INFO  [main] com.adboard.security.JwtAuthFilter - User commenter@test.com successfully authenticated via JWT
2026-05-10 15:25:45.620 INFO  [main] c.a.controller.CommentController - REST request to delete comment: 28 for ad: 14
2026-05-10 15:25:45.628 INFO  [main] com.adboard.service.CommentService - Comment deleted successfully: id=28, ad=14
2026-05-10 15:25:45.647 INFO  [main] com.adboard.security.JwtAuthFilter - User commenter@test.com successfully authenticated via JWT
2026-05-10 15:25:45.648 INFO  [main] c.a.controller.CommentController - REST request to fetch comments for ad: 14, page=0
2026-05-10 15:25:45.654 INFO  [main] com.adboard.service.CommentService - Successfully retrieved 2 comments for ad 14 (page 1/1)
2026-05-10 15:25:46.290 INFO  [main] c.adboard.controller.AuthController - REST request to login: buyer@test.com
2026-05-10 15:25:46.604 INFO  [main] com.adboard.service.AuthService - User buyer@test.com successfully logged in
2026-05-10 15:25:46.608 INFO  [main] com.adboard.service.UserService - Profile data successfully retrieved for user: buyer@test.com
2026-05-10 15:25:46.938 INFO  [main] com.adboard.security.JwtAuthFilter - User buyer@test.com successfully authenticated via JWT
2026-05-10 15:25:46.940 INFO  [main] c.a.controller.MessageController - REST request to get chat history: ad=15, withUser=26, myUser=buyer@test.com
2026-05-10 15:25:47.002 INFO  [main] com.adboard.service.MessageService - Successfully retrieved 3 messages for conversation: ad=15, withUser=26
2026-05-10 15:25:47.013 INFO  [main] com.adboard.security.JwtAuthFilter - User buyer@test.com successfully authenticated via JWT
2026-05-10 15:25:47.015 INFO  [main] c.a.controller.MessageController - REST request to get chat history: ad=15, withUser=26, myUser=buyer@test.com
2026-05-10 15:25:47.041 INFO  [main] com.adboard.service.MessageService - Successfully retrieved 2 messages for conversation: ad=15, withUser=26
2026-05-10 15:25:47.643 INFO  [main] c.adboard.controller.AuthController - REST request to login: buyer@test.com
2026-05-10 15:25:47.944 INFO  [main] com.adboard.service.AuthService - User buyer@test.com successfully logged in
2026-05-10 15:25:47.948 INFO  [main] com.adboard.service.UserService - Profile data successfully retrieved for user: buyer@test.com
2026-05-10 15:25:47.958 INFO  [main] com.adboard.security.JwtAuthFilter - User buyer@test.com successfully authenticated via JWT
2026-05-10 15:25:47.961 INFO  [main] c.a.controller.MessageController - REST request to send message in ad: 16 to user: null
2026-05-10 15:25:47.985 DEBUG [main] com.adboard.service.MessageService - New conversation created: ad=16, users=29/28
2026-05-10 15:25:47.989 INFO  [main] com.adboard.service.MessageService - Message sent successfully: conversation=2, from=buyer@test.com, to=seller@test.com
2026-05-10 15:25:48.000 INFO  [main] com.adboard.security.JwtAuthFilter - User buyer@test.com successfully authenticated via JWT
2026-05-10 15:25:48.001 INFO  [main] c.a.controller.MessageController - REST request to send message in ad: 16 to user: null
2026-05-10 15:25:48.013 INFO  [main] com.adboard.service.MessageService - Message sent successfully: conversation=2, from=buyer@test.com, to=seller@test.com
2026-05-10 15:25:48.660 INFO  [main] c.adboard.controller.AuthController - REST request to login: buyer@test.com
2026-05-10 15:25:48.961 INFO  [main] com.adboard.service.AuthService - User buyer@test.com successfully logged in
2026-05-10 15:25:48.964 INFO  [main] com.adboard.service.UserService - Profile data successfully retrieved for user: buyer@test.com
2026-05-10 15:25:48.975 INFO  [main] com.adboard.security.JwtAuthFilter - User buyer@test.com successfully authenticated via JWT
2026-05-10 15:25:48.976 INFO  [main] c.a.controller.MessageController - REST request to send message in ad: 17 to user: null
2026-05-10 15:25:48.997 DEBUG [main] com.adboard.service.MessageService - New conversation created: ad=17, users=31/30
2026-05-10 15:25:49.002 INFO  [main] com.adboard.service.MessageService - Message sent successfully: conversation=3, from=buyer@test.com, to=seller@test.com
2026-05-10 15:25:49.134 INFO  [main] com.adboard.service.CommentService - Comment added successfully: id=100, ad=1, by=user@test.com
2026-05-10 15:25:49.142 INFO  [main] com.adboard.service.CommentService - Comment added successfully: id=100, ad=1, by=user@test.com
2026-05-10 15:25:49.164 INFO  [main] com.adboard.service.CommentService - Successfully retrieved 2 comments for ad 1 (page 1/1)
2026-05-10 15:25:49.171 INFO  [main] com.adboard.service.CommentService - Comment deleted successfully: id=100, ad=1
2026-05-10 15:25:49.486 INFO  [main] c.adboard.controller.AuthController - REST request to login: seller@test.com
2026-05-10 15:25:49.787 INFO  [main] com.adboard.service.AuthService - User seller@test.com successfully logged in
2026-05-10 15:25:49.790 INFO  [main] com.adboard.service.UserService - Profile data successfully retrieved for user: seller@test.com
2026-05-10 15:25:49.859 INFO  [main] com.adboard.security.JwtAuthFilter - User seller@test.com successfully authenticated via JWT
2026-05-10 15:25:49.860 INFO  [main] com.adboard.controller.AdController - REST request to search ads: page=0, size=10, keyword=iPhone, categoryId=null
2026-05-10 15:25:49.959 INFO  [main] com.adboard.service.AdService - Search completed: found 2 ads (page 1/1) for filters: keyword=iPhone, category=null
2026-05-10 15:25:50.260 INFO  [main] c.adboard.controller.AuthController - REST request to login: seller@test.com
2026-05-10 15:25:50.555 INFO  [main] com.adboard.service.AuthService - User seller@test.com successfully logged in
2026-05-10 15:25:50.558 INFO  [main] com.adboard.service.UserService - Profile data successfully retrieved for user: seller@test.com
2026-05-10 15:25:50.631 INFO  [main] com.adboard.security.JwtAuthFilter - User seller@test.com successfully authenticated via JWT
2026-05-10 15:25:50.632 INFO  [main] com.adboard.controller.AdController - REST request to search ads: page=0, size=10, keyword=null, categoryId=1
2026-05-10 15:25:50.683 INFO  [main] com.adboard.service.AdService - Search completed: found 3 ads (page 1/1) for filters: keyword=null, category=1
2026-05-10 15:25:51.001 INFO  [main] c.adboard.controller.AuthController - REST request to login: seller@test.com
2026-05-10 15:25:51.302 INFO  [main] com.adboard.service.AuthService - User seller@test.com successfully logged in
2026-05-10 15:25:51.305 INFO  [main] com.adboard.service.UserService - Profile data successfully retrieved for user: seller@test.com
2026-05-10 15:25:51.367 INFO  [main] com.adboard.security.JwtAuthFilter - User seller@test.com successfully authenticated via JWT
2026-05-10 15:25:51.368 INFO  [main] com.adboard.controller.AdController - REST request to search ads: page=0, size=5, keyword=null, categoryId=null
2026-05-10 15:25:51.414 INFO  [main] com.adboard.service.AdService - Search completed: found 5 ads (page 1/3) for filters: keyword=null, category=null
2026-05-10 15:25:51.733 INFO  [main] c.adboard.controller.AuthController - REST request to login: self@test.com
2026-05-10 15:25:52.032 INFO  [main] com.adboard.service.AuthService - User self@test.com successfully logged in
2026-05-10 15:25:52.034 INFO  [main] com.adboard.service.UserService - Profile data successfully retrieved for user: self@test.com
2026-05-10 15:25:52.041 INFO  [main] com.adboard.security.JwtAuthFilter - User self@test.com successfully authenticated via JWT
2026-05-10 15:25:52.050 INFO  [main] c.a.controller.ReviewController - REST request to add review for seller: 35 by user: self@test.com
2026-05-10 15:25:52.061 ERROR [main] c.a.exception.GlobalExceptionHandler - Bad request: Cannot leave a review for yourself
2026-05-10 15:25:52.706 INFO  [main] c.adboard.controller.AuthController - REST request to login: reviewer@test.com
2026-05-10 15:25:53.002 INFO  [main] com.adboard.service.AuthService - User reviewer@test.com successfully logged in
2026-05-10 15:25:53.005 INFO  [main] com.adboard.service.UserService - Profile data successfully retrieved for user: reviewer@test.com
2026-05-10 15:25:53.011 INFO  [main] com.adboard.security.JwtAuthFilter - User reviewer@test.com successfully authenticated via JWT
2026-05-10 15:25:53.013 INFO  [main] c.a.controller.ReviewController - REST request to add review for seller: 36 by user: reviewer@test.com
2026-05-10 15:25:53.028 INFO  [main] com.adboard.service.ReviewService - Review added successfully: sellerId=36, reviewer=reviewer@test.com, rating=4
2026-05-10 15:25:54.250 INFO  [main] c.adboard.controller.AuthController - REST request to login: rev1@test.com
2026-05-10 15:25:54.629 INFO  [main] com.adboard.service.AuthService - User rev1@test.com successfully logged in
2026-05-10 15:25:54.633 INFO  [main] com.adboard.service.UserService - Profile data successfully retrieved for user: rev1@test.com
2026-05-10 15:25:54.639 INFO  [main] com.adboard.security.JwtAuthFilter - User rev1@test.com successfully authenticated via JWT
2026-05-10 15:25:54.643 INFO  [main] c.a.controller.ReviewController - REST request to add review for seller: 38 by user: rev1@test.com
2026-05-10 15:25:54.658 INFO  [main] com.adboard.service.ReviewService - Review added successfully: sellerId=38, reviewer=rev1@test.com, rating=5
2026-05-10 15:25:54.662 INFO  [main] c.adboard.controller.AuthController - REST request to login: rev2@test.com
2026-05-10 15:25:54.964 INFO  [main] com.adboard.service.AuthService - User rev2@test.com successfully logged in
2026-05-10 15:25:54.968 INFO  [main] com.adboard.service.UserService - Profile data successfully retrieved for user: rev2@test.com
2026-05-10 15:25:54.973 INFO  [main] com.adboard.security.JwtAuthFilter - User rev2@test.com successfully authenticated via JWT
2026-05-10 15:25:54.974 INFO  [main] c.a.controller.ReviewController - REST request to add review for seller: 38 by user: rev2@test.com
2026-05-10 15:25:54.985 INFO  [main] com.adboard.service.ReviewService - Review added successfully: sellerId=38, reviewer=rev2@test.com, rating=5
2026-05-10 15:25:54.987 INFO  [main] c.adboard.controller.AuthController - REST request to login: rev1@test.com
2026-05-10 15:25:55.289 INFO  [main] com.adboard.service.AuthService - User rev1@test.com successfully logged in
2026-05-10 15:25:55.292 INFO  [main] com.adboard.service.UserService - Profile data successfully retrieved for user: rev1@test.com
2026-05-10 15:25:55.298 INFO  [main] com.adboard.security.JwtAuthFilter - User rev1@test.com successfully authenticated via JWT
2026-05-10 15:25:55.299 INFO  [main] c.a.controller.ReviewController - REST request to add review for seller: 39 by user: rev1@test.com
2026-05-10 15:25:55.310 INFO  [main] com.adboard.service.ReviewService - Review added successfully: sellerId=39, reviewer=rev1@test.com, rating=1
2026-05-10 15:25:55.312 INFO  [main] c.adboard.controller.AuthController - REST request to login: rev2@test.com
2026-05-10 15:25:55.610 INFO  [main] com.adboard.service.AuthService - User rev2@test.com successfully logged in
2026-05-10 15:25:55.612 INFO  [main] com.adboard.service.UserService - Profile data successfully retrieved for user: rev2@test.com
2026-05-10 15:25:55.618 INFO  [main] com.adboard.security.JwtAuthFilter - User rev2@test.com successfully authenticated via JWT
2026-05-10 15:25:55.620 INFO  [main] c.a.controller.ReviewController - REST request to add review for seller: 39 by user: rev2@test.com
2026-05-10 15:25:55.630 INFO  [main] com.adboard.service.ReviewService - Review added successfully: sellerId=39, reviewer=rev2@test.com, rating=1
2026-05-10 15:25:55.633 INFO  [main] c.adboard.controller.AuthController - REST request to login: rev1@test.com
2026-05-10 15:25:55.938 INFO  [main] com.adboard.service.AuthService - User rev1@test.com successfully logged in
2026-05-10 15:25:55.941 INFO  [main] com.adboard.service.UserService - Profile data successfully retrieved for user: rev1@test.com
2026-05-10 15:25:55.946 INFO  [main] com.adboard.security.JwtAuthFilter - User rev1@test.com successfully authenticated via JWT
2026-05-10 15:25:55.946 INFO  [main] com.adboard.controller.AdController - REST request to search ads: page=0, size=10, keyword=null, categoryId=null
2026-05-10 15:25:55.967 INFO  [main] com.adboard.service.AdService - Search completed: found 2 ads (page 1/1) for filters: keyword=null, category=null
2026-05-10 15:25:56.595 INFO  [main] c.adboard.controller.AuthController - REST request to login: dup-rev@test.com
2026-05-10 15:25:56.905 INFO  [main] com.adboard.service.AuthService - User dup-rev@test.com successfully logged in
2026-05-10 15:25:56.907 INFO  [main] com.adboard.service.UserService - Profile data successfully retrieved for user: dup-rev@test.com
2026-05-10 15:25:56.912 INFO  [main] com.adboard.security.JwtAuthFilter - User dup-rev@test.com successfully authenticated via JWT
2026-05-10 15:25:56.913 INFO  [main] c.a.controller.ReviewController - REST request to add review for seller: 42 by user: dup-rev@test.com
2026-05-10 15:25:56.925 INFO  [main] com.adboard.service.ReviewService - Review added successfully: sellerId=42, reviewer=dup-rev@test.com, rating=5
2026-05-10 15:25:56.930 INFO  [main] com.adboard.security.JwtAuthFilter - User dup-rev@test.com successfully authenticated via JWT
2026-05-10 15:25:56.931 INFO  [main] c.a.controller.ReviewController - REST request to add review for seller: 42 by user: dup-rev@test.com
2026-05-10 15:25:56.939 ERROR [main] c.a.exception.GlobalExceptionHandler - Business logic conflict: You have already reviewed this seller
2026-05-10 15:25:57.002 ERROR [main] c.a.exception.GlobalExceptionHandler - Bad request: City is required
2026-05-10 15:25:57.024 INFO  [main] c.adboard.controller.UserController - REST request to update profile for user: test@test.com
2026-05-10 15:25:57.039 INFO  [main] c.adboard.controller.UserController - REST request to get profile for user: test@test.com
2026-05-10 15:25:57.040 ERROR [main] c.a.exception.GlobalExceptionHandler - Resource not found: User not found
2026-05-10 15:25:57.052 INFO  [main] c.adboard.controller.UserController - REST request to get profile for user: test@test.com
2026-05-10 15:25:57.071 INFO  [main] c.adboard.controller.UserController - REST request to update profile for user: test@test.com
2026-05-10 15:25:57.073 ERROR [main] c.a.exception.GlobalExceptionHandler - Resource not found: User not found
2026-05-10 15:25:57.185 INFO  [main] com.adboard.service.AdService - Ad 10 successfully promoted for user seller@test.com. Expires at: 2026-06-09T15:25:57.185047800
2026-05-10 15:25:57.196 INFO  [main] com.adboard.service.AdService - Search completed: found 1 ads (page 1/1) for filters: keyword=iphone, category=null
2026-05-10 15:25:57.202 INFO  [main] com.adboard.service.AdService - Ad deleted successfully: id=10, by=seller@test.com
2026-05-10 15:25:57.211 INFO  [main] com.adboard.service.AdService - Search completed: found 1 ads (page 1/3) for filters: keyword=null, category=null
2026-05-10 15:25:57.222 INFO  [main] com.adboard.service.AdService - Successfully retrieved sales history for user seller@test.com: 1 ads (page 1/1)
2026-05-10 15:25:57.239 INFO  [main] com.adboard.service.AdService - Ad published by admin null: id=10
2026-05-10 15:25:57.252 INFO  [main] com.adboard.service.AdService - Search completed: found 1 ads (page 1/1) for filters: keyword=null, category=null
2026-05-10 15:25:57.848 INFO  [main] c.adboard.controller.AuthController - REST request to login: seller@test.com
2026-05-10 15:25:58.135 INFO  [main] com.adboard.service.AuthService - User seller@test.com successfully logged in
2026-05-10 15:25:58.139 INFO  [main] com.adboard.service.UserService - Profile data successfully retrieved for user: seller@test.com
2026-05-10 15:25:58.142 INFO  [main] c.adboard.controller.AuthController - REST request to login: admin@test.com
2026-05-10 15:25:58.433 INFO  [main] com.adboard.service.AuthService - User admin@test.com successfully logged in
2026-05-10 15:25:58.437 INFO  [main] com.adboard.service.UserService - Profile data successfully retrieved for user: admin@test.com
2026-05-10 15:25:58.451 INFO  [main] com.adboard.security.JwtAuthFilter - User seller@test.com successfully authenticated via JWT
2026-05-10 15:25:58.459 INFO  [main] com.adboard.controller.AdController - REST request to create ad by user: seller@test.com
2026-05-10 15:25:58.469 INFO  [main] com.adboard.service.AdService - Ad created successfully: id=65, seller=seller@test.com
2026-05-10 15:25:58.477 INFO  [main] com.adboard.security.JwtAuthFilter - User seller@test.com successfully authenticated via JWT
2026-05-10 15:25:58.482 INFO  [main] com.adboard.controller.AdController - REST request to update ad: id=65, user=seller@test.com
2026-05-10 15:25:58.486 INFO  [main] com.adboard.service.AdService - Ad updated successfully: id=65, by=seller@test.com
2026-05-10 15:25:59.111 INFO  [main] c.adboard.controller.AuthController - REST request to login: seller@test.com
2026-05-10 15:25:59.410 INFO  [main] com.adboard.service.AuthService - User seller@test.com successfully logged in
2026-05-10 15:25:59.414 INFO  [main] com.adboard.service.UserService - Profile data successfully retrieved for user: seller@test.com
2026-05-10 15:25:59.416 INFO  [main] c.adboard.controller.AuthController - REST request to login: admin@test.com
2026-05-10 15:25:59.706 INFO  [main] com.adboard.service.AuthService - User admin@test.com successfully logged in
2026-05-10 15:25:59.709 INFO  [main] com.adboard.service.UserService - Profile data successfully retrieved for user: admin@test.com
2026-05-10 15:25:59.718 INFO  [main] com.adboard.security.JwtAuthFilter - User seller@test.com successfully authenticated via JWT
2026-05-10 15:25:59.719 INFO  [main] com.adboard.controller.AdController - REST request to create ad by user: seller@test.com
2026-05-10 15:25:59.727 INFO  [main] com.adboard.service.AdService - Ad created successfully: id=66, seller=seller@test.com
2026-05-10 15:25:59.732 INFO  [main] com.adboard.security.JwtAuthFilter - User seller@test.com successfully authenticated via JWT
2026-05-10 15:25:59.733 INFO  [main] com.adboard.controller.AdController - REST request to delete ad: id=66, user=seller@test.com
2026-05-10 15:25:59.736 INFO  [main] com.adboard.service.AdService - Ad deleted successfully: id=66, by=seller@test.com
2026-05-10 15:25:59.750 INFO  [main] com.adboard.security.JwtAuthFilter - User seller@test.com successfully authenticated via JWT
2026-05-10 15:25:59.751 INFO  [main] com.adboard.controller.AdController - REST request to search ads: page=0, size=10, keyword=Удаляемый, categoryId=null
2026-05-10 15:25:59.762 INFO  [main] com.adboard.service.AdService - Search completed: found 0 ads (page 1/0) for filters: keyword=Удаляемый, category=null
2026-05-10 15:26:00.368 INFO  [main] c.adboard.controller.AuthController - REST request to login: seller@test.com
2026-05-10 15:26:00.666 INFO  [main] com.adboard.service.AuthService - User seller@test.com successfully logged in
2026-05-10 15:26:00.669 INFO  [main] com.adboard.service.UserService - Profile data successfully retrieved for user: seller@test.com
2026-05-10 15:26:00.671 INFO  [main] c.adboard.controller.AuthController - REST request to login: admin@test.com
2026-05-10 15:26:00.963 INFO  [main] com.adboard.service.AuthService - User admin@test.com successfully logged in
2026-05-10 15:26:00.966 INFO  [main] com.adboard.service.UserService - Profile data successfully retrieved for user: admin@test.com
2026-05-10 15:26:00.974 INFO  [main] com.adboard.security.JwtAuthFilter - User seller@test.com successfully authenticated via JWT
2026-05-10 15:26:00.975 INFO  [main] com.adboard.controller.AdController - REST request to create ad by user: seller@test.com
2026-05-10 15:26:00.984 INFO  [main] com.adboard.service.AdService - Ad created successfully: id=67, seller=seller@test.com
2026-05-10 15:26:00.988 INFO  [main] com.adboard.security.JwtAuthFilter - User admin@test.com successfully authenticated via JWT
2026-05-10 15:26:01.003 INFO  [main] com.adboard.controller.AdController - REST request to publish ad: 67 by admin: admin@test.com
2026-05-10 15:26:01.006 INFO  [main] com.adboard.service.AdService - Ad published by admin admin@test.com: id=67
2026-05-10 15:26:01.020 INFO  [main] com.adboard.security.JwtAuthFilter - User seller@test.com successfully authenticated via JWT
2026-05-10 15:26:01.022 INFO  [main] com.adboard.controller.AdController - REST request to search ads: page=0, size=10, keyword=модерацию, categoryId=null
2026-05-10 15:26:01.032 INFO  [main] com.adboard.service.AdService - Search completed: found 1 ads (page 1/1) for filters: keyword=модерацию, category=null
2026-05-10 15:26:01.663 INFO  [main] c.adboard.controller.AuthController - REST request to login: seller@test.com
2026-05-10 15:26:01.959 INFO  [main] com.adboard.service.AuthService - User seller@test.com successfully logged in
2026-05-10 15:26:01.961 INFO  [main] com.adboard.service.UserService - Profile data successfully retrieved for user: seller@test.com
2026-05-10 15:26:01.964 INFO  [main] c.adboard.controller.AuthController - REST request to login: admin@test.com
2026-05-10 15:26:02.260 INFO  [main] com.adboard.service.AuthService - User admin@test.com successfully logged in
2026-05-10 15:26:02.262 INFO  [main] com.adboard.service.UserService - Profile data successfully retrieved for user: admin@test.com
2026-05-10 15:26:02.270 INFO  [main] com.adboard.security.JwtAuthFilter - User seller@test.com successfully authenticated via JWT
2026-05-10 15:26:02.272 INFO  [main] com.adboard.controller.AdController - REST request to create ad by user: seller@test.com
2026-05-10 15:26:02.281 INFO  [main] com.adboard.service.AdService - Ad created successfully: id=68, seller=seller@test.com
2026-05-10 15:26:02.589 INFO  [main] c.adboard.controller.AuthController - REST request to login: profile@test.com
2026-05-10 15:26:02.884 INFO  [main] com.adboard.service.AuthService - User profile@test.com successfully logged in
2026-05-10 15:26:02.888 INFO  [main] com.adboard.service.UserService - Profile data successfully retrieved for user: profile@test.com
2026-05-10 15:26:02.893 INFO  [main] com.adboard.security.JwtAuthFilter - User profile@test.com successfully authenticated via JWT
2026-05-10 15:26:02.893 INFO  [main] c.adboard.controller.UserController - REST request to get profile for user: profile@test.com
2026-05-10 15:26:02.896 INFO  [main] com.adboard.service.UserService - Profile data successfully retrieved for user: profile@test.com
2026-05-10 15:26:03.217 INFO  [main] c.adboard.controller.AuthController - REST request to login: profile@test.com
2026-05-10 15:26:03.512 INFO  [main] com.adboard.service.AuthService - User profile@test.com successfully logged in
2026-05-10 15:26:03.515 INFO  [main] com.adboard.service.UserService - Profile data successfully retrieved for user: profile@test.com
2026-05-10 15:26:03.518 ERROR [main] c.a.exception.GlobalExceptionHandler - Authentication failed: Full authentication is required to access this resource
2026-05-10 15:26:03.822 INFO  [main] c.adboard.controller.AuthController - REST request to login: profile@test.com
2026-05-10 15:26:04.114 INFO  [main] com.adboard.service.AuthService - User profile@test.com successfully logged in
2026-05-10 15:26:04.117 INFO  [main] com.adboard.service.UserService - Profile data successfully retrieved for user: profile@test.com
2026-05-10 15:26:04.124 INFO  [main] com.adboard.security.JwtAuthFilter - User profile@test.com successfully authenticated via JWT
2026-05-10 15:26:04.128 INFO  [main] c.adboard.controller.UserController - REST request to update profile for user: profile@test.com
2026-05-10 15:26:04.142 INFO  [main] com.adboard.service.UserService - Profile updated successfully for user: profile@test.com
2026-05-10 15:26:04.461 INFO  [main] c.adboard.controller.AuthController - REST request to login: profile@test.com
2026-05-10 15:26:04.763 INFO  [main] com.adboard.service.AuthService - User profile@test.com successfully logged in
2026-05-10 15:26:04.766 INFO  [main] com.adboard.service.UserService - Profile data successfully retrieved for user: profile@test.com
2026-05-10 15:26:04.772 INFO  [main] com.adboard.security.JwtAuthFilter - User profile@test.com successfully authenticated via JWT
2026-05-10 15:26:04.773 ERROR [main] c.a.exception.GlobalExceptionHandler - Bad request: Username is required
2026-05-10 15:26:04.904 INFO  [main] com.adboard.service.ReviewService - Review added successfully: sellerId=1, reviewer=reviewer@test.com, rating=5
2026-05-10 15:26:04.914 INFO  [main] com.adboard.service.ReviewService - Successfully retrieved 1 reviews for seller 1 (page 1/2)
2026-05-10 15:26:04.917 INFO  [main] com.adboard.service.ReviewService - Successfully retrieved 0 reviews for seller 1 (page 1/0)
2026-05-10 15:26:05.125 INFO  [main] com.adboard.service.AuthService - User registered: id=null, email=test@mail.com
2026-05-10 15:26:05.136 INFO  [main] com.adboard.service.AuthService - User test@mail.com successfully logged in
2026-05-10 15:26:05.139 INFO  [main] com.adboard.service.AuthService - User registered: id=null, email=test@mail.com
2026-05-10 15:26:05.151 INFO  [main] com.adboard.service.AuthService - User registered: id=null, email=test@mail.com
2026-05-10 15:26:05.163 INFO  [main] com.adboard.controller.AdController - REST request to get ad by id: 999
2026-05-10 15:26:05.165 ERROR [main] c.a.exception.GlobalExceptionHandler - Resource not found: Ad not found
2026-05-10 15:26:05.177 INFO  [main] com.adboard.controller.AdController - REST request to search ads: page=0, size=10, keyword=iPhone, categoryId=5
2026-05-10 15:26:05.190 INFO  [main] com.adboard.controller.AdController - REST request to get ad by id: 1
2026-05-10 15:26:05.201 INFO  [main] com.adboard.controller.AdController - REST request to publish ad: 1 by admin: test@test.com
2026-05-10 15:26:05.221 INFO  [main] com.adboard.controller.AdController - REST request to update ad: id=999, user=test@test.com
2026-05-10 15:26:05.223 ERROR [main] c.a.exception.GlobalExceptionHandler - Resource not found: Ad not found
2026-05-10 15:26:05.244 INFO  [main] com.adboard.controller.AdController - REST request to create ad by user: test@test.com
2026-05-10 15:26:05.244 ERROR [main] c.a.exception.GlobalExceptionHandler - Resource not found: Category not found
2026-05-10 15:26:05.262 INFO  [main] com.adboard.controller.AdController - REST request to create ad by user: test@test.com
2026-05-10 15:26:05.279 INFO  [main] com.adboard.controller.AdController - REST request to update ad: id=1, user=null
2026-05-10 15:26:05.280 ERROR [main] c.a.exception.GlobalExceptionHandler - Access denied: Cannot edit ad: you are not the owner
2026-05-10 15:26:05.293 INFO  [main] com.adboard.controller.AdController - REST request to delete ad: id=1, user=test@test.com
2026-05-10 15:26:05.307 INFO  [main] com.adboard.controller.AdController - REST request to update ad: id=1, user=null
2026-05-10 15:26:05.308 ERROR [main] c.a.exception.GlobalExceptionHandler - Business logic conflict: Cannot edit ad with status: SOLD
2026-05-10 15:26:05.325 INFO  [main] com.adboard.controller.AdController - REST request to update ad: id=1, user=test@test.com
2026-05-10 15:41:19.141 WARN  [main] o.s.c.s.PostProcessorRegistrationDelegate$BeanPostProcessorChecker - Bean 'jpaConfig' of type [com.adboard.config.JpaConfig$$SpringCGLIB$$0] is not eligible for getting processed by all BeanPostProcessors (for example: not eligible for auto-proxying). The currently created BeanPostProcessor [exceptionTranslation] is declared through a non-static factory method on that class; consider declaring it as static instead.
2026-05-10 15:41:27.679 INFO  [main] c.adboard.controller.AuthController - REST request to login: commenter@test.com
2026-05-10 15:41:28.466 INFO  [main] com.adboard.service.AuthService - User commenter@test.com successfully logged in
2026-05-10 15:41:28.471 INFO  [main] com.adboard.service.UserService - Profile data successfully retrieved for user: commenter@test.com
2026-05-10 15:41:28.583 INFO  [main] com.adboard.security.JwtAuthFilter - User commenter@test.com successfully authenticated via JWT
2026-05-10 15:41:28.594 INFO  [main] c.a.controller.CommentController - REST request to add comment to ad: 1 by user: commenter@test.com
2026-05-10 15:41:28.692 INFO  [main] com.adboard.service.CommentService - Comment added successfully: id=7, ad=1, by=commenter@test.com
2026-05-10 15:41:28.710 INFO  [main] com.adboard.security.JwtAuthFilter - User commenter@test.com successfully authenticated via JWT
2026-05-10 15:41:28.713 INFO  [main] c.a.controller.CommentController - REST request to delete comment: 7 for ad: 1
2026-05-10 15:41:28.728 INFO  [main] com.adboard.service.CommentService - Comment deleted successfully: id=7, ad=1
2026-05-10 15:41:28.814 INFO  [main] com.adboard.security.JwtAuthFilter - User commenter@test.com successfully authenticated via JWT
2026-05-10 15:41:28.816 INFO  [main] c.a.controller.CommentController - REST request to fetch comments for ad: 1, page=0
2026-05-10 15:41:28.871 INFO  [main] com.adboard.service.CommentService - Successfully retrieved 2 comments for ad 1 (page 1/1)
2026-05-10 15:45:33.004 WARN  [main] o.s.c.s.PostProcessorRegistrationDelegate$BeanPostProcessorChecker - Bean 'jpaConfig' of type [com.adboard.config.JpaConfig$$SpringCGLIB$$0] is not eligible for getting processed by all BeanPostProcessors (for example: not eligible for auto-proxying). The currently created BeanPostProcessor [exceptionTranslation] is declared through a non-static factory method on that class; consider declaring it as static instead.
2026-05-10 15:45:41.956 INFO  [main] c.adboard.controller.AuthController - REST request to login: commenter@test.com
2026-05-10 15:45:42.772 INFO  [main] com.adboard.service.AuthService - User commenter@test.com successfully logged in
2026-05-10 15:45:42.777 INFO  [main] com.adboard.service.UserService - Profile data successfully retrieved for user: commenter@test.com
2026-05-10 15:45:42.906 INFO  [main] com.adboard.security.JwtAuthFilter - User commenter@test.com successfully authenticated via JWT
2026-05-10 15:45:42.917 INFO  [main] c.a.controller.CommentController - REST request to add comment to ad: 1 by user: commenter@test.com
2026-05-10 15:45:43.017 INFO  [main] com.adboard.service.CommentService - Comment added successfully: id=7, ad=1, by=commenter@test.com
2026-05-10 15:45:43.038 INFO  [main] com.adboard.security.JwtAuthFilter - User commenter@test.com successfully authenticated via JWT
2026-05-10 15:45:43.040 INFO  [main] c.a.controller.CommentController - REST request to delete comment: 7 for ad: 1
2026-05-10 15:45:43.056 INFO  [main] com.adboard.service.CommentService - Comment deleted successfully: id=7, ad=1
2026-05-10 15:45:43.154 INFO  [main] com.adboard.security.JwtAuthFilter - User commenter@test.com successfully authenticated via JWT
2026-05-10 15:45:43.156 INFO  [main] c.a.controller.CommentController - REST request to fetch comments for ad: 1, page=0
2026-05-10 15:45:43.193 INFO  [main] com.adboard.service.CommentService - Successfully retrieved 2 comments for ad 1 (page 1/1)
2026-05-10 15:46:01.883 WARN  [main] o.s.c.s.PostProcessorRegistrationDelegate$BeanPostProcessorChecker - Bean 'jpaConfig' of type [com.adboard.config.JpaConfig$$SpringCGLIB$$0] is not eligible for getting processed by all BeanPostProcessors (for example: not eligible for auto-proxying). The currently created BeanPostProcessor [exceptionTranslation] is declared through a non-static factory method on that class; consider declaring it as static instead.
2026-05-10 15:46:08.197 INFO  [main] c.adboard.controller.AuthController - REST request to register user: admin@test.com
2026-05-10 15:46:09.203 INFO  [main] com.adboard.service.AuthService - User registered: id=1, email=admin@test.com
2026-05-10 15:46:09.465 INFO  [main] c.adboard.controller.AuthController - REST request to register user: user@test.com
2026-05-10 15:46:09.782 INFO  [main] com.adboard.service.AuthService - User registered: id=2, email=user@test.com
2026-05-10 15:46:09.785 INFO  [main] c.adboard.controller.AuthController - REST request to register user: user@test.com
2026-05-10 15:46:09.791 ERROR [main] c.a.exception.GlobalExceptionHandler - Business logic conflict: Email already registered: user@test.com
2026-05-10 15:46:09.804 INFO  [main] c.adboard.controller.AuthController - REST request to register user: user@test.com
2026-05-10 15:46:10.116 INFO  [main] com.adboard.service.AuthService - User registered: id=3, email=user@test.com
2026-05-10 15:46:10.135 INFO  [main] c.adboard.controller.AuthController - REST request to register user: fake@test.com
2026-05-10 15:46:10.143 ERROR [main] c.a.exception.GlobalExceptionHandler - Bad request: Invalid admin secret token
2026-05-10 15:46:10.806 INFO  [main] c.adboard.controller.AuthController - REST request to login: seller-sales@test.com
2026-05-10 15:46:11.397 INFO  [main] com.adboard.service.AuthService - User seller-sales@test.com successfully logged in
2026-05-10 15:46:11.401 INFO  [main] com.adboard.service.UserService - Profile data successfully retrieved for user: seller-sales@test.com
2026-05-10 15:46:11.404 INFO  [main] c.adboard.controller.AuthController - REST request to login: buyer-sales@test.com
2026-05-10 15:46:11.699 INFO  [main] com.adboard.service.AuthService - User buyer-sales@test.com successfully logged in
2026-05-10 15:46:11.702 INFO  [main] com.adboard.service.UserService - Profile data successfully retrieved for user: buyer-sales@test.com
2026-05-10 15:46:11.778 INFO  [main] com.adboard.security.JwtAuthFilter - User seller-sales@test.com successfully authenticated via JWT
2026-05-10 15:46:11.783 INFO  [main] com.adboard.controller.AdController - REST request to mark ad as sold: 1 by user: seller-sales@test.com
2026-05-10 15:46:11.894 INFO  [main] com.adboard.service.AdService - Ad marked as sold: id=1, by=seller-sales@test.com
2026-05-10 15:46:12.545 INFO  [main] c.adboard.controller.AuthController - REST request to login: seller-sales@test.com
2026-05-10 15:46:12.838 INFO  [main] com.adboard.service.AuthService - User seller-sales@test.com successfully logged in
2026-05-10 15:46:12.841 INFO  [main] com.adboard.service.UserService - Profile data successfully retrieved for user: seller-sales@test.com
2026-05-10 15:46:12.845 INFO  [main] c.adboard.controller.AuthController - REST request to login: buyer-sales@test.com
2026-05-10 15:46:13.145 INFO  [main] com.adboard.service.AuthService - User buyer-sales@test.com successfully logged in
2026-05-10 15:46:13.148 INFO  [main] com.adboard.service.UserService - Profile data successfully retrieved for user: buyer-sales@test.com
2026-05-10 15:46:13.159 INFO  [main] com.adboard.security.JwtAuthFilter - User buyer-sales@test.com successfully authenticated via JWT
2026-05-10 15:46:13.159 INFO  [main] com.adboard.controller.AdController - REST request to mark ad as sold: 2 by user: buyer-sales@test.com
2026-05-10 15:46:13.171 ERROR [main] c.a.exception.GlobalExceptionHandler - Access denied: Cannot mark ad as sold: you are not the owner
2026-05-10 15:46:13.777 INFO  [main] c.adboard.controller.AuthController - REST request to login: seller-sales@test.com
2026-05-10 15:46:14.070 INFO  [main] com.adboard.service.AuthService - User seller-sales@test.com successfully logged in
2026-05-10 15:46:14.074 INFO  [main] com.adboard.service.UserService - Profile data successfully retrieved for user: seller-sales@test.com
2026-05-10 15:46:14.077 INFO  [main] c.adboard.controller.AuthController - REST request to login: buyer-sales@test.com
2026-05-10 15:46:14.375 INFO  [main] com.adboard.service.AuthService - User buyer-sales@test.com successfully logged in
2026-05-10 15:46:14.379 INFO  [main] com.adboard.service.UserService - Profile data successfully retrieved for user: buyer-sales@test.com
2026-05-10 15:46:14.392 INFO  [main] com.adboard.security.JwtAuthFilter - User seller-sales@test.com successfully authenticated via JWT
2026-05-10 15:46:14.393 INFO  [main] com.adboard.controller.AdController - REST request to mark ad as sold: 4 by user: seller-sales@test.com
2026-05-10 15:46:14.408 INFO  [main] com.adboard.service.AdService - Ad marked as sold: id=4, by=seller-sales@test.com
2026-05-10 15:46:14.414 INFO  [main] com.adboard.security.JwtAuthFilter - User buyer-sales@test.com successfully authenticated via JWT
2026-05-10 15:46:14.416 INFO  [main] com.adboard.controller.AdController - REST request to search ads: page=0, size=10, keyword=null, categoryId=null
2026-05-10 15:46:14.487 INFO  [main] com.adboard.service.AdService - Search completed: found 1 ads (page 1/1) for filters: keyword=null, category=null
2026-05-10 15:46:15.961 DEBUG [main] com.adboard.service.MessageService - New conversation created: ad=10, users=2/1
2026-05-10 15:46:15.962 INFO  [main] com.adboard.service.MessageService - Message sent successfully: conversation=null, from=buyer@test.com, to=seller@test.com
2026-05-10 15:46:16.000 INFO  [main] com.adboard.service.MessageService - Message sent successfully: conversation=100, from=buyer@test.com, to=seller@test.com
2026-05-10 15:46:16.014 INFO  [main] com.adboard.service.MessageService - Successfully retrieved 1 messages for conversation: ad=10, withUser=1
2026-05-10 15:46:16.035 DEBUG [main] com.adboard.service.MessageService - New conversation created: ad=10, users=2/1
2026-05-10 15:46:16.036 INFO  [main] com.adboard.service.MessageService - Message sent successfully: conversation=null, from=buyer@test.com, to=seller@test.com
2026-05-10 15:46:16.219 INFO  [main] c.a.controller.MessageController - REST request to get chat history: ad=1, withUser=2, myUser=test@test.com
2026-05-10 15:46:16.271 INFO  [main] c.a.controller.MessageController - REST request to send message in ad: 1 to user: 2
2026-05-10 15:46:16.273 ERROR [main] c.a.exception.GlobalExceptionHandler - Business logic conflict: Cannot send messages: conversation is blocked
2026-05-10 15:46:16.313 INFO  [main] c.a.controller.MessageController - REST request to send message in ad: 1 to user: 2
2026-05-10 15:46:16.356 INFO  [main] c.a.controller.MessageController - REST request to send message in ad: 1 to user: 1
2026-05-10 15:46:16.358 ERROR [main] c.a.exception.GlobalExceptionHandler - Bad request: Cannot send a message to yourself
2026-05-10 15:46:16.387 ERROR [main] c.a.exception.GlobalExceptionHandler - Bad request: Required request parameter 'withUserId' for method parameter type Long is not present
2026-05-10 15:46:16.434 ERROR [main] c.a.exception.GlobalExceptionHandler - Bad request: Message content is required
2026-05-10 15:46:16.600 INFO  [main] c.a.controller.ReviewController - REST request to fetch reviews for seller: 999, page=0
2026-05-10 15:46:16.603 ERROR [main] c.a.exception.GlobalExceptionHandler - Resource not found: Seller not found
2026-05-10 15:46:16.668 ERROR [main] c.a.exception.GlobalExceptionHandler - Bad request: Rating is required
2026-05-10 15:46:16.697 INFO  [main] c.a.controller.ReviewController - REST request to fetch reviews for seller: 1, page=0
2026-05-10 15:46:16.729 INFO  [main] c.a.controller.ReviewController - REST request to add review for seller: 1 by user: test@test.com
2026-05-10 15:46:16.730 ERROR [main] c.a.exception.GlobalExceptionHandler - Bad request: Cannot leave a review for yourself
2026-05-10 15:46:16.755 INFO  [main] c.a.controller.ReviewController - REST request to add review for seller: 1 by user: test@test.com
2026-05-10 15:46:16.778 INFO  [main] c.a.controller.ReviewController - REST request to add review for seller: 1 by user: test@test.com
2026-05-10 15:46:16.779 ERROR [main] c.a.exception.GlobalExceptionHandler - Business logic conflict: You have already reviewed this seller
2026-05-10 15:46:16.878 INFO  [main] c.a.c.SalesHistoryController - REST request to get sales history for user: test@test.com, page=0
2026-05-10 15:46:16.905 ERROR [main] c.a.exception.GlobalExceptionHandler - Bad request: Failed to convert value of type 'java.lang.String' to required type 'int'; For input string: "fdsgsa"
2026-05-10 15:46:17.577 INFO  [main] c.adboard.controller.AuthController - REST request to login: seller@test.com
2026-05-10 15:46:17.882 INFO  [main] com.adboard.service.AuthService - User seller@test.com successfully logged in
2026-05-10 15:46:17.887 INFO  [main] com.adboard.service.UserService - Profile data successfully retrieved for user: seller@test.com
2026-05-10 15:46:17.892 INFO  [main] c.adboard.controller.AuthController - REST request to login: other@test.com
2026-05-10 15:46:18.222 INFO  [main] com.adboard.service.AuthService - User other@test.com successfully logged in
2026-05-10 15:46:18.227 INFO  [main] com.adboard.service.UserService - Profile data successfully retrieved for user: other@test.com
2026-05-10 15:46:18.277 INFO  [main] com.adboard.security.JwtAuthFilter - User seller@test.com successfully authenticated via JWT
2026-05-10 15:46:18.279 INFO  [main] com.adboard.controller.AdController - REST request to search ads: page=0, size=10, keyword=null, categoryId=null
2026-05-10 15:46:18.336 INFO  [main] com.adboard.service.AdService - Search completed: found 3 ads (page 1/1) for filters: keyword=null, category=null
2026-05-10 15:46:19.005 INFO  [main] c.adboard.controller.AuthController - REST request to login: seller@test.com
2026-05-10 15:46:19.307 INFO  [main] com.adboard.service.AuthService - User seller@test.com successfully logged in
2026-05-10 15:46:19.311 INFO  [main] com.adboard.service.UserService - Profile data successfully retrieved for user: seller@test.com
2026-05-10 15:46:19.315 INFO  [main] c.adboard.controller.AuthController - REST request to login: other@test.com
2026-05-10 15:46:19.615 INFO  [main] com.adboard.service.AuthService - User other@test.com successfully logged in
2026-05-10 15:46:19.621 INFO  [main] com.adboard.service.UserService - Profile data successfully retrieved for user: other@test.com
2026-05-10 15:46:19.637 INFO  [main] com.adboard.security.JwtAuthFilter - User seller@test.com successfully authenticated via JWT
2026-05-10 15:46:19.640 INFO  [main] c.a.controller.PromotionController - REST request to promote ad: 8 by user: seller@test.com
2026-05-10 15:46:19.657 INFO  [main] com.adboard.service.AdService - Ad 8 successfully promoted for user seller@test.com. Expires at: 2026-06-09T15:46:19.656588800
2026-05-10 15:46:20.294 INFO  [main] c.adboard.controller.AuthController - REST request to login: seller@test.com
2026-05-10 15:46:20.590 INFO  [main] com.adboard.service.AuthService - User seller@test.com successfully logged in
2026-05-10 15:46:20.594 INFO  [main] com.adboard.service.UserService - Profile data successfully retrieved for user: seller@test.com
2026-05-10 15:46:20.597 INFO  [main] c.adboard.controller.AuthController - REST request to login: other@test.com
2026-05-10 15:46:20.888 INFO  [main] com.adboard.service.AuthService - User other@test.com successfully logged in
2026-05-10 15:46:20.892 INFO  [main] com.adboard.service.UserService - Profile data successfully retrieved for user: other@test.com
2026-05-10 15:46:20.903 INFO  [main] com.adboard.security.JwtAuthFilter - User seller@test.com successfully authenticated via JWT
2026-05-10 15:46:20.904 INFO  [main] c.a.controller.PromotionController - REST request to promote ad: 9 by user: seller@test.com
2026-05-10 15:46:20.916 ERROR [main] c.a.exception.GlobalExceptionHandler - Business logic conflict: Ad is already promoted
2026-05-10 15:46:21.536 INFO  [main] c.adboard.controller.AuthController - REST request to login: seller@test.com
2026-05-10 15:46:21.833 INFO  [main] com.adboard.service.AuthService - User seller@test.com successfully logged in
2026-05-10 15:46:21.836 INFO  [main] com.adboard.service.UserService - Profile data successfully retrieved for user: seller@test.com
2026-05-10 15:46:21.843 INFO  [main] c.adboard.controller.AuthController - REST request to login: other@test.com
2026-05-10 15:46:22.144 INFO  [main] com.adboard.service.AuthService - User other@test.com successfully logged in
2026-05-10 15:46:22.148 INFO  [main] com.adboard.service.UserService - Profile data successfully retrieved for user: other@test.com
2026-05-10 15:46:22.160 INFO  [main] com.adboard.security.JwtAuthFilter - User other@test.com successfully authenticated via JWT
2026-05-10 15:46:22.161 INFO  [main] c.a.controller.PromotionController - REST request to promote ad: 10 by user: other@test.com
2026-05-10 15:46:22.172 ERROR [main] c.a.exception.GlobalExceptionHandler - Access denied: You don't own this ad
2026-05-10 15:46:22.258 ERROR [main] c.a.exception.GlobalExceptionHandler - Bad request: Phone is required
2026-05-10 15:46:22.288 INFO  [main] c.adboard.controller.AuthController - REST request to register user: test@test.com
2026-05-10 15:46:22.289 ERROR [main] c.a.exception.GlobalExceptionHandler - Business logic conflict: Email already registered: test@test.com
2026-05-10 15:46:22.311 INFO  [main] c.adboard.controller.AuthController - REST request to login: test@test.com
2026-05-10 15:46:22.330 INFO  [main] c.adboard.controller.AuthController - REST request to login: test@test.com
2026-05-10 15:46:22.331 ERROR [main] c.a.exception.GlobalExceptionHandler - Authentication failed: Invalid email or password
2026-05-10 15:46:22.353 INFO  [main] c.adboard.controller.AuthController - REST request to register user: test@test.com
2026-05-10 15:46:22.423 INFO  [main] c.a.controller.CommentController - REST request to add comment to ad: 1 by user: test@test.com
2026-05-10 15:46:22.424 ERROR [main] c.a.exception.GlobalExceptionHandler - Bad request: Parent comment does not belong to this ad
2026-05-10 15:46:22.446 ERROR [main] c.a.exception.GlobalExceptionHandler - Bad request: Comment text is required
2026-05-10 15:46:22.466 INFO  [main] c.a.controller.CommentController - REST request to add comment to ad: 1 by user: test@test.com
2026-05-10 15:46:22.466 ERROR [main] c.a.exception.GlobalExceptionHandler - Resource not found: Comment not found
2026-05-10 15:46:22.487 INFO  [main] c.a.controller.CommentController - REST request to delete comment: 999 for ad: 1
2026-05-10 15:46:22.488 ERROR [main] c.a.exception.GlobalExceptionHandler - Resource not found: Comment not found
2026-05-10 15:46:22.503 INFO  [main] c.a.controller.CommentController - REST request to delete comment: 10 for ad: 1
2026-05-10 15:46:22.504 ERROR [main] c.a.exception.GlobalExceptionHandler - Bad request: Comment does not belong to this ad
2026-05-10 15:46:22.521 INFO  [main] c.a.controller.CommentController - REST request to fetch comments for ad: 1, page=0
2026-05-10 15:46:22.544 INFO  [main] c.a.controller.CommentController - REST request to add comment to ad: 1 by user: test@test.com
2026-05-10 15:46:22.563 INFO  [main] c.a.controller.CommentController - REST request to delete comment: 10 for ad: 1
2026-05-10 15:46:22.579 INFO  [main] c.a.controller.CommentController - REST request to fetch comments for ad: 999, page=0
2026-05-10 15:46:22.580 ERROR [main] c.a.exception.GlobalExceptionHandler - Resource not found: Ad not found
2026-05-10 15:46:22.594 INFO  [main] c.a.controller.CommentController - REST request to delete comment: 10 for ad: 1
2026-05-10 15:46:22.596 ERROR [main] c.a.exception.GlobalExceptionHandler - Access denied: Not your comment
2026-05-10 15:46:22.614 INFO  [main] c.a.controller.PromotionController - REST request to promote ad: 1 by user: test@test.com
2026-05-10 15:46:22.631 INFO  [main] c.a.controller.PromotionController - REST request to promote ad: 999 by user: test@test.com
2026-05-10 15:46:22.632 ERROR [main] c.a.exception.GlobalExceptionHandler - Resource not found: Ad not found
2026-05-10 15:46:22.649 INFO  [main] c.a.controller.PromotionController - REST request to promote ad: 1 by user: test@test.com
2026-05-10 15:46:22.650 ERROR [main] c.a.exception.GlobalExceptionHandler - Access denied: You don't own this ad
2026-05-10 15:46:22.665 INFO  [main] c.a.controller.PromotionController - REST request to promote ad: 1 by user: test@test.com
2026-05-10 15:46:22.666 ERROR [main] c.a.exception.GlobalExceptionHandler - Business logic conflict: Ad is already promoted
2026-05-10 15:46:22.730 INFO  [main] com.adboard.service.UserService - Profile data successfully retrieved for user: user@test.com
2026-05-10 15:46:22.738 INFO  [main] com.adboard.service.UserService - Profile updated successfully for user: user@test.com
2026-05-10 15:46:23.383 INFO  [main] c.adboard.controller.AuthController - REST request to login: commenter@test.com
2026-05-10 15:46:23.689 INFO  [main] com.adboard.service.AuthService - User commenter@test.com successfully logged in
2026-05-10 15:46:23.693 INFO  [main] com.adboard.service.UserService - Profile data successfully retrieved for user: commenter@test.com
2026-05-10 15:46:23.733 INFO  [main] com.adboard.security.JwtAuthFilter - User commenter@test.com successfully authenticated via JWT
2026-05-10 15:46:23.737 INFO  [main] c.a.controller.CommentController - REST request to add comment to ad: 11 by user: commenter@test.com
2026-05-10 15:46:23.763 INFO  [main] com.adboard.service.CommentService - Comment added successfully: id=7, ad=11, by=commenter@test.com
2026-05-10 15:46:23.782 INFO  [main] com.adboard.security.JwtAuthFilter - User commenter@test.com successfully authenticated via JWT
2026-05-10 15:46:23.784 INFO  [main] c.a.controller.CommentController - REST request to add comment to ad: 11 by user: commenter@test.com
2026-05-10 15:46:23.811 INFO  [main] com.adboard.service.CommentService - Comment added successfully: id=8, ad=11, by=commenter@test.com
2026-05-10 15:46:24.525 INFO  [main] c.adboard.controller.AuthController - REST request to login: commenter@test.com
2026-05-10 15:46:24.818 INFO  [main] com.adboard.service.AuthService - User commenter@test.com successfully logged in
2026-05-10 15:46:24.822 INFO  [main] com.adboard.service.UserService - Profile data successfully retrieved for user: commenter@test.com
2026-05-10 15:46:24.861 INFO  [main] com.adboard.security.JwtAuthFilter - User commenter@test.com successfully authenticated via JWT
2026-05-10 15:46:24.862 INFO  [main] c.a.controller.CommentController - REST request to add comment to ad: 12 by user: commenter@test.com
2026-05-10 15:46:24.879 INFO  [main] com.adboard.service.CommentService - Comment added successfully: id=15, ad=12, by=commenter@test.com
2026-05-10 15:46:25.478 INFO  [main] c.adboard.controller.AuthController - REST request to login: commenter@test.com
2026-05-10 15:46:25.770 INFO  [main] com.adboard.service.AuthService - User commenter@test.com successfully logged in
2026-05-10 15:46:25.773 INFO  [main] com.adboard.service.UserService - Profile data successfully retrieved for user: commenter@test.com
2026-05-10 15:46:25.805 INFO  [main] com.adboard.security.JwtAuthFilter - User commenter@test.com successfully authenticated via JWT
2026-05-10 15:46:25.806 INFO  [main] c.a.controller.CommentController - REST request to fetch comments for ad: 13, page=0
2026-05-10 15:46:25.824 INFO  [main] com.adboard.service.CommentService - Successfully retrieved 2 comments for ad 13 (page 1/1)
2026-05-10 15:46:26.450 INFO  [main] c.adboard.controller.AuthController - REST request to login: commenter@test.com
2026-05-10 15:46:26.743 INFO  [main] com.adboard.service.AuthService - User commenter@test.com successfully logged in
2026-05-10 15:46:26.748 INFO  [main] com.adboard.service.UserService - Profile data successfully retrieved for user: commenter@test.com
2026-05-10 15:46:26.793 INFO  [main] com.adboard.security.JwtAuthFilter - User commenter@test.com successfully authenticated via JWT
2026-05-10 15:46:26.799 INFO  [main] c.a.controller.CommentController - REST request to add comment to ad: 14 by user: commenter@test.com
2026-05-10 15:46:26.824 INFO  [main] com.adboard.service.CommentService - Comment added successfully: id=28, ad=14, by=commenter@test.com
2026-05-10 15:46:26.832 INFO  [main] com.adboard.security.JwtAuthFilter - User commenter@test.com successfully authenticated via JWT
2026-05-10 15:46:26.833 INFO  [main] c.a.controller.CommentController - REST request to delete comment: 28 for ad: 14
2026-05-10 15:46:26.841 INFO  [main] com.adboard.service.CommentService - Comment deleted successfully: id=28, ad=14
2026-05-10 15:46:26.863 INFO  [main] com.adboard.security.JwtAuthFilter - User commenter@test.com successfully authenticated via JWT
2026-05-10 15:46:26.864 INFO  [main] c.a.controller.CommentController - REST request to fetch comments for ad: 14, page=0
2026-05-10 15:46:26.872 INFO  [main] com.adboard.service.CommentService - Successfully retrieved 2 comments for ad 14 (page 1/1)
2026-05-10 15:46:27.491 INFO  [main] c.adboard.controller.AuthController - REST request to login: buyer@test.com
2026-05-10 15:46:27.785 INFO  [main] com.adboard.service.AuthService - User buyer@test.com successfully logged in
2026-05-10 15:46:27.789 INFO  [main] com.adboard.service.UserService - Profile data successfully retrieved for user: buyer@test.com
2026-05-10 15:46:28.021 INFO  [main] com.adboard.security.JwtAuthFilter - User buyer@test.com successfully authenticated via JWT
2026-05-10 15:46:28.023 INFO  [main] c.a.controller.MessageController - REST request to get chat history: ad=15, withUser=26, myUser=buyer@test.com
2026-05-10 15:46:28.087 INFO  [main] com.adboard.service.MessageService - Successfully retrieved 3 messages for conversation: ad=15, withUser=26
2026-05-10 15:46:28.095 INFO  [main] com.adboard.security.JwtAuthFilter - User buyer@test.com successfully authenticated via JWT
2026-05-10 15:46:28.097 INFO  [main] c.a.controller.MessageController - REST request to get chat history: ad=15, withUser=26, myUser=buyer@test.com
2026-05-10 15:46:28.125 INFO  [main] com.adboard.service.MessageService - Successfully retrieved 2 messages for conversation: ad=15, withUser=26
2026-05-10 15:46:28.762 INFO  [main] c.adboard.controller.AuthController - REST request to login: buyer@test.com
2026-05-10 15:46:29.064 INFO  [main] com.adboard.service.AuthService - User buyer@test.com successfully logged in
2026-05-10 15:46:29.067 INFO  [main] com.adboard.service.UserService - Profile data successfully retrieved for user: buyer@test.com
2026-05-10 15:46:29.078 INFO  [main] com.adboard.security.JwtAuthFilter - User buyer@test.com successfully authenticated via JWT
2026-05-10 15:46:29.081 INFO  [main] c.a.controller.MessageController - REST request to send message in ad: 16 to user: null
2026-05-10 15:46:29.110 DEBUG [main] com.adboard.service.MessageService - New conversation created: ad=16, users=29/28
2026-05-10 15:46:29.115 INFO  [main] com.adboard.service.MessageService - Message sent successfully: conversation=2, from=buyer@test.com, to=seller@test.com
2026-05-10 15:46:29.130 INFO  [main] com.adboard.security.JwtAuthFilter - User buyer@test.com successfully authenticated via JWT
2026-05-10 15:46:29.131 INFO  [main] c.a.controller.MessageController - REST request to send message in ad: 16 to user: null
2026-05-10 15:46:29.146 INFO  [main] com.adboard.service.MessageService - Message sent successfully: conversation=2, from=buyer@test.com, to=seller@test.com
2026-05-10 15:46:29.760 INFO  [main] c.adboard.controller.AuthController - REST request to login: buyer@test.com
2026-05-10 15:46:30.053 INFO  [main] com.adboard.service.AuthService - User buyer@test.com successfully logged in
2026-05-10 15:46:30.056 INFO  [main] com.adboard.service.UserService - Profile data successfully retrieved for user: buyer@test.com
2026-05-10 15:46:30.067 INFO  [main] com.adboard.security.JwtAuthFilter - User buyer@test.com successfully authenticated via JWT
2026-05-10 15:46:30.068 INFO  [main] c.a.controller.MessageController - REST request to send message in ad: 17 to user: null
2026-05-10 15:46:30.089 DEBUG [main] com.adboard.service.MessageService - New conversation created: ad=17, users=31/30
2026-05-10 15:46:30.094 INFO  [main] com.adboard.service.MessageService - Message sent successfully: conversation=3, from=buyer@test.com, to=seller@test.com
2026-05-10 15:46:30.210 INFO  [main] com.adboard.service.CommentService - Comment added successfully: id=100, ad=1, by=user@test.com
2026-05-10 15:46:30.215 INFO  [main] com.adboard.service.CommentService - Comment added successfully: id=100, ad=1, by=user@test.com
2026-05-10 15:46:30.237 INFO  [main] com.adboard.service.CommentService - Successfully retrieved 2 comments for ad 1 (page 1/1)
2026-05-10 15:46:30.243 INFO  [main] com.adboard.service.CommentService - Comment deleted successfully: id=100, ad=1
2026-05-10 15:46:30.554 INFO  [main] c.adboard.controller.AuthController - REST request to login: seller@test.com
2026-05-10 15:46:30.853 INFO  [main] com.adboard.service.AuthService - User seller@test.com successfully logged in
2026-05-10 15:46:30.857 INFO  [main] com.adboard.service.UserService - Profile data successfully retrieved for user: seller@test.com
2026-05-10 15:46:30.928 INFO  [main] com.adboard.security.JwtAuthFilter - User seller@test.com successfully authenticated via JWT
2026-05-10 15:46:30.930 INFO  [main] com.adboard.controller.AdController - REST request to search ads: page=0, size=10, keyword=iPhone, categoryId=null
2026-05-10 15:46:30.997 INFO  [main] com.adboard.service.AdService - Search completed: found 2 ads (page 1/1) for filters: keyword=iPhone, category=null
2026-05-10 15:46:31.313 INFO  [main] c.adboard.controller.AuthController - REST request to login: seller@test.com
2026-05-10 15:46:31.603 INFO  [main] com.adboard.service.AuthService - User seller@test.com successfully logged in
2026-05-10 15:46:31.606 INFO  [main] com.adboard.service.UserService - Profile data successfully retrieved for user: seller@test.com
2026-05-10 15:46:31.675 INFO  [main] com.adboard.security.JwtAuthFilter - User seller@test.com successfully authenticated via JWT
2026-05-10 15:46:31.676 INFO  [main] com.adboard.controller.AdController - REST request to search ads: page=0, size=10, keyword=null, categoryId=1
2026-05-10 15:46:31.746 INFO  [main] com.adboard.service.AdService - Search completed: found 3 ads (page 1/1) for filters: keyword=null, category=1
2026-05-10 15:46:32.071 INFO  [main] c.adboard.controller.AuthController - REST request to login: seller@test.com
2026-05-10 15:46:32.367 INFO  [main] com.adboard.service.AuthService - User seller@test.com successfully logged in
2026-05-10 15:46:32.370 INFO  [main] com.adboard.service.UserService - Profile data successfully retrieved for user: seller@test.com
2026-05-10 15:46:32.439 INFO  [main] com.adboard.security.JwtAuthFilter - User seller@test.com successfully authenticated via JWT
2026-05-10 15:46:32.439 INFO  [main] com.adboard.controller.AdController - REST request to search ads: page=0, size=5, keyword=null, categoryId=null
2026-05-10 15:46:32.487 INFO  [main] com.adboard.service.AdService - Search completed: found 5 ads (page 1/3) for filters: keyword=null, category=null
2026-05-10 15:46:32.813 INFO  [main] c.adboard.controller.AuthController - REST request to login: self@test.com
2026-05-10 15:46:33.103 INFO  [main] com.adboard.service.AuthService - User self@test.com successfully logged in
2026-05-10 15:46:33.106 INFO  [main] com.adboard.service.UserService - Profile data successfully retrieved for user: self@test.com
2026-05-10 15:46:33.113 INFO  [main] com.adboard.security.JwtAuthFilter - User self@test.com successfully authenticated via JWT
2026-05-10 15:46:33.123 INFO  [main] c.a.controller.ReviewController - REST request to add review for seller: 35 by user: self@test.com
2026-05-10 15:46:33.134 ERROR [main] c.a.exception.GlobalExceptionHandler - Bad request: Cannot leave a review for yourself
2026-05-10 15:46:33.753 INFO  [main] c.adboard.controller.AuthController - REST request to login: reviewer@test.com
2026-05-10 15:46:34.046 INFO  [main] com.adboard.service.AuthService - User reviewer@test.com successfully logged in
2026-05-10 15:46:34.049 INFO  [main] com.adboard.service.UserService - Profile data successfully retrieved for user: reviewer@test.com
2026-05-10 15:46:34.055 INFO  [main] com.adboard.security.JwtAuthFilter - User reviewer@test.com successfully authenticated via JWT
2026-05-10 15:46:34.056 INFO  [main] c.a.controller.ReviewController - REST request to add review for seller: 36 by user: reviewer@test.com
2026-05-10 15:46:34.071 INFO  [main] com.adboard.service.ReviewService - Review added successfully: sellerId=36, reviewer=reviewer@test.com, rating=4
2026-05-10 15:46:35.289 INFO  [main] c.adboard.controller.AuthController - REST request to login: rev1@test.com
2026-05-10 15:46:35.584 INFO  [main] com.adboard.service.AuthService - User rev1@test.com successfully logged in
2026-05-10 15:46:35.589 INFO  [main] com.adboard.service.UserService - Profile data successfully retrieved for user: rev1@test.com
2026-05-10 15:46:35.599 INFO  [main] com.adboard.security.JwtAuthFilter - User rev1@test.com successfully authenticated via JWT
2026-05-10 15:46:35.600 INFO  [main] c.a.controller.ReviewController - REST request to add review for seller: 38 by user: rev1@test.com
2026-05-10 15:46:35.611 INFO  [main] com.adboard.service.ReviewService - Review added successfully: sellerId=38, reviewer=rev1@test.com, rating=5
2026-05-10 15:46:35.613 INFO  [main] c.adboard.controller.AuthController - REST request to login: rev2@test.com
2026-05-10 15:46:35.906 INFO  [main] com.adboard.service.AuthService - User rev2@test.com successfully logged in
2026-05-10 15:46:35.909 INFO  [main] com.adboard.service.UserService - Profile data successfully retrieved for user: rev2@test.com
2026-05-10 15:46:35.914 INFO  [main] com.adboard.security.JwtAuthFilter - User rev2@test.com successfully authenticated via JWT
2026-05-10 15:46:35.915 INFO  [main] c.a.controller.ReviewController - REST request to add review for seller: 38 by user: rev2@test.com
2026-05-10 15:46:35.925 INFO  [main] com.adboard.service.ReviewService - Review added successfully: sellerId=38, reviewer=rev2@test.com, rating=5
2026-05-10 15:46:35.927 INFO  [main] c.adboard.controller.AuthController - REST request to login: rev1@test.com
2026-05-10 15:46:36.224 INFO  [main] com.adboard.service.AuthService - User rev1@test.com successfully logged in
2026-05-10 15:46:36.227 INFO  [main] com.adboard.service.UserService - Profile data successfully retrieved for user: rev1@test.com
2026-05-10 15:46:36.238 INFO  [main] com.adboard.security.JwtAuthFilter - User rev1@test.com successfully authenticated via JWT
2026-05-10 15:46:36.239 INFO  [main] c.a.controller.ReviewController - REST request to add review for seller: 39 by user: rev1@test.com
2026-05-10 15:46:36.249 INFO  [main] com.adboard.service.ReviewService - Review added successfully: sellerId=39, reviewer=rev1@test.com, rating=1
2026-05-10 15:46:36.251 INFO  [main] c.adboard.controller.AuthController - REST request to login: rev2@test.com
2026-05-10 15:46:36.545 INFO  [main] com.adboard.service.AuthService - User rev2@test.com successfully logged in
2026-05-10 15:46:36.547 INFO  [main] com.adboard.service.UserService - Profile data successfully retrieved for user: rev2@test.com
2026-05-10 15:46:36.553 INFO  [main] com.adboard.security.JwtAuthFilter - User rev2@test.com successfully authenticated via JWT
2026-05-10 15:46:36.555 INFO  [main] c.a.controller.ReviewController - REST request to add review for seller: 39 by user: rev2@test.com
2026-05-10 15:46:36.566 INFO  [main] com.adboard.service.ReviewService - Review added successfully: sellerId=39, reviewer=rev2@test.com, rating=1
2026-05-10 15:46:36.568 INFO  [main] c.adboard.controller.AuthController - REST request to login: rev1@test.com
2026-05-10 15:46:36.865 INFO  [main] com.adboard.service.AuthService - User rev1@test.com successfully logged in
2026-05-10 15:46:36.868 INFO  [main] com.adboard.service.UserService - Profile data successfully retrieved for user: rev1@test.com
2026-05-10 15:46:36.874 INFO  [main] com.adboard.security.JwtAuthFilter - User rev1@test.com successfully authenticated via JWT
2026-05-10 15:46:36.874 INFO  [main] com.adboard.controller.AdController - REST request to search ads: page=0, size=10, keyword=null, categoryId=null
2026-05-10 15:46:36.896 INFO  [main] com.adboard.service.AdService - Search completed: found 2 ads (page 1/1) for filters: keyword=null, category=null
2026-05-10 15:46:37.501 INFO  [main] c.adboard.controller.AuthController - REST request to login: dup-rev@test.com
2026-05-10 15:46:37.790 INFO  [main] com.adboard.service.AuthService - User dup-rev@test.com successfully logged in
2026-05-10 15:46:37.793 INFO  [main] com.adboard.service.UserService - Profile data successfully retrieved for user: dup-rev@test.com
2026-05-10 15:46:37.798 INFO  [main] com.adboard.security.JwtAuthFilter - User dup-rev@test.com successfully authenticated via JWT
2026-05-10 15:46:37.799 INFO  [main] c.a.controller.ReviewController - REST request to add review for seller: 42 by user: dup-rev@test.com
2026-05-10 15:46:37.810 INFO  [main] com.adboard.service.ReviewService - Review added successfully: sellerId=42, reviewer=dup-rev@test.com, rating=5
2026-05-10 15:46:37.814 INFO  [main] com.adboard.security.JwtAuthFilter - User dup-rev@test.com successfully authenticated via JWT
2026-05-10 15:46:37.816 INFO  [main] c.a.controller.ReviewController - REST request to add review for seller: 42 by user: dup-rev@test.com
2026-05-10 15:46:37.824 ERROR [main] c.a.exception.GlobalExceptionHandler - Business logic conflict: You have already reviewed this seller
2026-05-10 15:46:37.896 ERROR [main] c.a.exception.GlobalExceptionHandler - Bad request: Phone is required
2026-05-10 15:46:37.919 INFO  [main] c.adboard.controller.UserController - REST request to update profile for user: test@test.com
2026-05-10 15:46:37.933 INFO  [main] c.adboard.controller.UserController - REST request to get profile for user: test@test.com
2026-05-10 15:46:37.934 ERROR [main] c.a.exception.GlobalExceptionHandler - Resource not found: User not found
2026-05-10 15:46:37.951 INFO  [main] c.adboard.controller.UserController - REST request to get profile for user: test@test.com
2026-05-10 15:46:37.967 INFO  [main] c.adboard.controller.UserController - REST request to update profile for user: test@test.com
2026-05-10 15:46:37.968 ERROR [main] c.a.exception.GlobalExceptionHandler - Resource not found: User not found
2026-05-10 15:46:38.068 INFO  [main] com.adboard.service.AdService - Ad 10 successfully promoted for user seller@test.com. Expires at: 2026-06-09T15:46:38.068175100
2026-05-10 15:46:38.080 INFO  [main] com.adboard.service.AdService - Search completed: found 1 ads (page 1/1) for filters: keyword=iphone, category=null
2026-05-10 15:46:38.086 INFO  [main] com.adboard.service.AdService - Ad deleted successfully: id=10, by=seller@test.com
2026-05-10 15:46:38.093 INFO  [main] com.adboard.service.AdService - Search completed: found 1 ads (page 1/3) for filters: keyword=null, category=null
2026-05-10 15:46:38.100 INFO  [main] com.adboard.service.AdService - Successfully retrieved sales history for user seller@test.com: 1 ads (page 1/1)
2026-05-10 15:46:38.121 INFO  [main] com.adboard.service.AdService - Ad published by admin null: id=10
2026-05-10 15:46:38.138 INFO  [main] com.adboard.service.AdService - Search completed: found 1 ads (page 1/1) for filters: keyword=null, category=null
2026-05-10 15:46:38.779 INFO  [main] c.adboard.controller.AuthController - REST request to login: seller@test.com
2026-05-10 15:46:39.075 INFO  [main] com.adboard.service.AuthService - User seller@test.com successfully logged in
2026-05-10 15:46:39.078 INFO  [main] com.adboard.service.UserService - Profile data successfully retrieved for user: seller@test.com
2026-05-10 15:46:39.081 INFO  [main] c.adboard.controller.AuthController - REST request to login: admin@test.com
2026-05-10 15:46:39.410 INFO  [main] com.adboard.service.AuthService - User admin@test.com successfully logged in
2026-05-10 15:46:39.413 INFO  [main] com.adboard.service.UserService - Profile data successfully retrieved for user: admin@test.com
2026-05-10 15:46:39.427 INFO  [main] com.adboard.security.JwtAuthFilter - User seller@test.com successfully authenticated via JWT
2026-05-10 15:46:39.434 INFO  [main] com.adboard.controller.AdController - REST request to create ad by user: seller@test.com
2026-05-10 15:46:39.444 INFO  [main] com.adboard.service.AdService - Ad created successfully: id=65, seller=seller@test.com
2026-05-10 15:46:39.450 INFO  [main] com.adboard.security.JwtAuthFilter - User seller@test.com successfully authenticated via JWT
2026-05-10 15:46:39.454 INFO  [main] com.adboard.controller.AdController - REST request to update ad: id=65, user=seller@test.com
2026-05-10 15:46:39.457 INFO  [main] com.adboard.service.AdService - Ad updated successfully: id=65, by=seller@test.com
2026-05-10 15:46:40.065 INFO  [main] c.adboard.controller.AuthController - REST request to login: seller@test.com
2026-05-10 15:46:40.359 INFO  [main] com.adboard.service.AuthService - User seller@test.com successfully logged in
2026-05-10 15:46:40.361 INFO  [main] com.adboard.service.UserService - Profile data successfully retrieved for user: seller@test.com
2026-05-10 15:46:40.363 INFO  [main] c.adboard.controller.AuthController - REST request to login: admin@test.com
2026-05-10 15:46:40.666 INFO  [main] com.adboard.service.AuthService - User admin@test.com successfully logged in
2026-05-10 15:46:40.670 INFO  [main] com.adboard.service.UserService - Profile data successfully retrieved for user: admin@test.com
2026-05-10 15:46:40.678 INFO  [main] com.adboard.security.JwtAuthFilter - User seller@test.com successfully authenticated via JWT
2026-05-10 15:46:40.679 INFO  [main] com.adboard.controller.AdController - REST request to create ad by user: seller@test.com
2026-05-10 15:46:40.688 INFO  [main] com.adboard.service.AdService - Ad created successfully: id=66, seller=seller@test.com
2026-05-10 15:46:40.693 INFO  [main] com.adboard.security.JwtAuthFilter - User seller@test.com successfully authenticated via JWT
2026-05-10 15:46:40.694 INFO  [main] com.adboard.controller.AdController - REST request to delete ad: id=66, user=seller@test.com
2026-05-10 15:46:40.697 INFO  [main] com.adboard.service.AdService - Ad deleted successfully: id=66, by=seller@test.com
2026-05-10 15:46:40.711 INFO  [main] com.adboard.security.JwtAuthFilter - User seller@test.com successfully authenticated via JWT
2026-05-10 15:46:40.712 INFO  [main] com.adboard.controller.AdController - REST request to search ads: page=0, size=10, keyword=Удаляемый, categoryId=null
2026-05-10 15:46:40.722 INFO  [main] com.adboard.service.AdService - Search completed: found 0 ads (page 1/0) for filters: keyword=Удаляемый, category=null
2026-05-10 15:46:41.325 INFO  [main] c.adboard.controller.AuthController - REST request to login: seller@test.com
2026-05-10 15:46:41.623 INFO  [main] com.adboard.service.AuthService - User seller@test.com successfully logged in
2026-05-10 15:46:41.628 INFO  [main] com.adboard.service.UserService - Profile data successfully retrieved for user: seller@test.com
2026-05-10 15:46:41.632 INFO  [main] c.adboard.controller.AuthController - REST request to login: admin@test.com
2026-05-10 15:46:41.932 INFO  [main] com.adboard.service.AuthService - User admin@test.com successfully logged in
2026-05-10 15:46:41.936 INFO  [main] com.adboard.service.UserService - Profile data successfully retrieved for user: admin@test.com
2026-05-10 15:46:41.946 INFO  [main] com.adboard.security.JwtAuthFilter - User seller@test.com successfully authenticated via JWT
2026-05-10 15:46:41.947 INFO  [main] com.adboard.controller.AdController - REST request to create ad by user: seller@test.com
2026-05-10 15:46:41.959 INFO  [main] com.adboard.service.AdService - Ad created successfully: id=67, seller=seller@test.com
2026-05-10 15:46:41.965 INFO  [main] com.adboard.security.JwtAuthFilter - User admin@test.com successfully authenticated via JWT
2026-05-10 15:46:41.986 INFO  [main] com.adboard.controller.AdController - REST request to publish ad: 67 by admin: admin@test.com
2026-05-10 15:46:41.990 INFO  [main] com.adboard.service.AdService - Ad published by admin admin@test.com: id=67
2026-05-10 15:46:42.010 INFO  [main] com.adboard.security.JwtAuthFilter - User seller@test.com successfully authenticated via JWT
2026-05-10 15:46:42.011 INFO  [main] com.adboard.controller.AdController - REST request to search ads: page=0, size=10, keyword=модерацию, categoryId=null
2026-05-10 15:46:42.025 INFO  [main] com.adboard.service.AdService - Search completed: found 1 ads (page 1/1) for filters: keyword=модерацию, category=null
2026-05-10 15:46:42.627 INFO  [main] c.adboard.controller.AuthController - REST request to login: seller@test.com
2026-05-10 15:46:42.920 INFO  [main] com.adboard.service.AuthService - User seller@test.com successfully logged in
2026-05-10 15:46:42.924 INFO  [main] com.adboard.service.UserService - Profile data successfully retrieved for user: seller@test.com
2026-05-10 15:46:42.927 INFO  [main] c.adboard.controller.AuthController - REST request to login: admin@test.com
2026-05-10 15:46:43.222 INFO  [main] com.adboard.service.AuthService - User admin@test.com successfully logged in
2026-05-10 15:46:43.225 INFO  [main] com.adboard.service.UserService - Profile data successfully retrieved for user: admin@test.com
2026-05-10 15:46:43.232 INFO  [main] com.adboard.security.JwtAuthFilter - User seller@test.com successfully authenticated via JWT
2026-05-10 15:46:43.234 INFO  [main] com.adboard.controller.AdController - REST request to create ad by user: seller@test.com
2026-05-10 15:46:43.241 INFO  [main] com.adboard.service.AdService - Ad created successfully: id=68, seller=seller@test.com
2026-05-10 15:46:43.562 INFO  [main] c.adboard.controller.AuthController - REST request to login: profile@test.com
2026-05-10 15:46:43.861 INFO  [main] com.adboard.service.AuthService - User profile@test.com successfully logged in
2026-05-10 15:46:43.864 INFO  [main] com.adboard.service.UserService - Profile data successfully retrieved for user: profile@test.com
2026-05-10 15:46:43.870 INFO  [main] com.adboard.security.JwtAuthFilter - User profile@test.com successfully authenticated via JWT
2026-05-10 15:46:43.871 INFO  [main] c.adboard.controller.UserController - REST request to get profile for user: profile@test.com
2026-05-10 15:46:43.874 INFO  [main] com.adboard.service.UserService - Profile data successfully retrieved for user: profile@test.com
2026-05-10 15:46:44.187 INFO  [main] c.adboard.controller.AuthController - REST request to login: profile@test.com
2026-05-10 15:46:44.478 INFO  [main] com.adboard.service.AuthService - User profile@test.com successfully logged in
2026-05-10 15:46:44.481 INFO  [main] com.adboard.service.UserService - Profile data successfully retrieved for user: profile@test.com
2026-05-10 15:46:44.484 ERROR [main] c.a.exception.GlobalExceptionHandler - Authentication failed: Full authentication is required to access this resource
2026-05-10 15:46:44.803 INFO  [main] c.adboard.controller.AuthController - REST request to login: profile@test.com
2026-05-10 15:46:45.089 INFO  [main] com.adboard.service.AuthService - User profile@test.com successfully logged in
2026-05-10 15:46:45.092 INFO  [main] com.adboard.service.UserService - Profile data successfully retrieved for user: profile@test.com
2026-05-10 15:46:45.097 INFO  [main] com.adboard.security.JwtAuthFilter - User profile@test.com successfully authenticated via JWT
2026-05-10 15:46:45.102 INFO  [main] c.adboard.controller.UserController - REST request to update profile for user: profile@test.com
2026-05-10 15:46:45.140 INFO  [main] com.adboard.service.UserService - Profile updated successfully for user: profile@test.com
2026-05-10 15:46:45.474 INFO  [main] c.adboard.controller.AuthController - REST request to login: profile@test.com
2026-05-10 15:46:45.771 INFO  [main] com.adboard.service.AuthService - User profile@test.com successfully logged in
2026-05-10 15:46:45.773 INFO  [main] com.adboard.service.UserService - Profile data successfully retrieved for user: profile@test.com
2026-05-10 15:46:45.778 INFO  [main] com.adboard.security.JwtAuthFilter - User profile@test.com successfully authenticated via JWT
2026-05-10 15:46:45.780 ERROR [main] c.a.exception.GlobalExceptionHandler - Bad request: Username is required
2026-05-10 15:46:45.921 INFO  [main] com.adboard.service.ReviewService - Review added successfully: sellerId=1, reviewer=reviewer@test.com, rating=5
2026-05-10 15:46:45.931 INFO  [main] com.adboard.service.ReviewService - Successfully retrieved 1 reviews for seller 1 (page 1/2)
2026-05-10 15:46:45.935 INFO  [main] com.adboard.service.ReviewService - Successfully retrieved 0 reviews for seller 1 (page 1/0)
2026-05-10 15:46:46.145 INFO  [main] com.adboard.service.AuthService - User registered: id=null, email=test@mail.com
2026-05-10 15:46:46.159 INFO  [main] com.adboard.service.AuthService - User test@mail.com successfully logged in
2026-05-10 15:46:46.165 INFO  [main] com.adboard.service.AuthService - User registered: id=null, email=test@mail.com
2026-05-10 15:46:46.179 INFO  [main] com.adboard.service.AuthService - User registered: id=null, email=test@mail.com
2026-05-10 15:46:46.194 INFO  [main] com.adboard.controller.AdController - REST request to get ad by id: 999
2026-05-10 15:46:46.196 ERROR [main] c.a.exception.GlobalExceptionHandler - Resource not found: Ad not found
2026-05-10 15:46:46.209 INFO  [main] com.adboard.controller.AdController - REST request to search ads: page=0, size=10, keyword=iPhone, categoryId=5
2026-05-10 15:46:46.223 INFO  [main] com.adboard.controller.AdController - REST request to get ad by id: 1
2026-05-10 15:46:46.240 INFO  [main] com.adboard.controller.AdController - REST request to publish ad: 1 by admin: test@test.com
2026-05-10 15:46:46.257 INFO  [main] com.adboard.controller.AdController - REST request to update ad: id=999, user=test@test.com
2026-05-10 15:46:46.258 ERROR [main] c.a.exception.GlobalExceptionHandler - Resource not found: Ad not found
2026-05-10 15:46:46.281 INFO  [main] com.adboard.controller.AdController - REST request to create ad by user: test@test.com
2026-05-10 15:46:46.282 ERROR [main] c.a.exception.GlobalExceptionHandler - Resource not found: Category not found
2026-05-10 15:46:46.301 INFO  [main] com.adboard.controller.AdController - REST request to create ad by user: test@test.com
2026-05-10 15:46:46.320 INFO  [main] com.adboard.controller.AdController - REST request to update ad: id=1, user=null
2026-05-10 15:46:46.321 ERROR [main] c.a.exception.GlobalExceptionHandler - Access denied: Cannot edit ad: you are not the owner
2026-05-10 15:46:46.335 INFO  [main] com.adboard.controller.AdController - REST request to delete ad: id=1, user=test@test.com
2026-05-10 15:46:46.352 INFO  [main] com.adboard.controller.AdController - REST request to update ad: id=1, user=null
2026-05-10 15:46:46.353 ERROR [main] c.a.exception.GlobalExceptionHandler - Business logic conflict: Cannot edit ad with status: SOLD
2026-05-10 15:46:46.372 INFO  [main] com.adboard.controller.AdController - REST request to update ad: id=1, user=test@test.com
2026-05-10 15:47:14.053 WARN  [main] o.s.c.s.PostProcessorRegistrationDelegate$BeanPostProcessorChecker - Bean 'jpaConfig' of type [com.adboard.config.JpaConfig$$SpringCGLIB$$0] is not eligible for getting processed by all BeanPostProcessors (for example: not eligible for auto-proxying). The currently created BeanPostProcessor [exceptionTranslation] is declared through a non-static factory method on that class; consider declaring it as static instead.
2026-05-10 15:47:20.471 INFO  [main] c.adboard.controller.AuthController - REST request to register user: admin@test.com
2026-05-10 15:47:21.502 INFO  [main] com.adboard.service.AuthService - User registered: id=1, email=admin@test.com
2026-05-10 15:47:21.771 INFO  [main] c.adboard.controller.AuthController - REST request to register user: user@test.com
2026-05-10 15:47:22.084 INFO  [main] com.adboard.service.AuthService - User registered: id=2, email=user@test.com
2026-05-10 15:47:22.087 INFO  [main] c.adboard.controller.AuthController - REST request to register user: user@test.com
2026-05-10 15:47:22.093 ERROR [main] c.a.exception.GlobalExceptionHandler - Business logic conflict: Email already registered: user@test.com
2026-05-10 15:47:22.105 INFO  [main] c.adboard.controller.AuthController - REST request to register user: user@test.com
2026-05-10 15:47:22.428 INFO  [main] com.adboard.service.AuthService - User registered: id=3, email=user@test.com
2026-05-10 15:47:22.445 INFO  [main] c.adboard.controller.AuthController - REST request to register user: fake@test.com
2026-05-10 15:47:22.456 ERROR [main] c.a.exception.GlobalExceptionHandler - Bad request: Invalid admin secret token
2026-05-10 15:47:23.102 INFO  [main] c.adboard.controller.AuthController - REST request to login: seller-sales@test.com
2026-05-10 15:47:23.686 INFO  [main] com.adboard.service.AuthService - User seller-sales@test.com successfully logged in
2026-05-10 15:47:23.690 INFO  [main] com.adboard.service.UserService - Profile data successfully retrieved for user: seller-sales@test.com
2026-05-10 15:47:23.692 INFO  [main] c.adboard.controller.AuthController - REST request to login: buyer-sales@test.com
2026-05-10 15:47:23.982 INFO  [main] com.adboard.service.AuthService - User buyer-sales@test.com successfully logged in
2026-05-10 15:47:23.985 INFO  [main] com.adboard.service.UserService - Profile data successfully retrieved for user: buyer-sales@test.com
2026-05-10 15:47:24.068 INFO  [main] com.adboard.security.JwtAuthFilter - User seller-sales@test.com successfully authenticated via JWT
2026-05-10 15:47:24.073 INFO  [main] com.adboard.controller.AdController - REST request to mark ad as sold: 1 by user: seller-sales@test.com
2026-05-10 15:47:24.147 INFO  [main] com.adboard.service.AdService - Ad marked as sold: id=1, by=seller-sales@test.com
2026-05-10 15:47:24.775 INFO  [main] c.adboard.controller.AuthController - REST request to login: seller-sales@test.com
2026-05-10 15:47:25.076 INFO  [main] com.adboard.service.AuthService - User seller-sales@test.com successfully logged in
2026-05-10 15:47:25.079 INFO  [main] com.adboard.service.UserService - Profile data successfully retrieved for user: seller-sales@test.com
2026-05-10 15:47:25.083 INFO  [main] c.adboard.controller.AuthController - REST request to login: buyer-sales@test.com
2026-05-10 15:47:25.372 INFO  [main] com.adboard.service.AuthService - User buyer-sales@test.com successfully logged in
2026-05-10 15:47:25.375 INFO  [main] com.adboard.service.UserService - Profile data successfully retrieved for user: buyer-sales@test.com
2026-05-10 15:47:25.385 INFO  [main] com.adboard.security.JwtAuthFilter - User buyer-sales@test.com successfully authenticated via JWT
2026-05-10 15:47:25.386 INFO  [main] com.adboard.controller.AdController - REST request to mark ad as sold: 2 by user: buyer-sales@test.com
2026-05-10 15:47:25.397 ERROR [main] c.a.exception.GlobalExceptionHandler - Access denied: Cannot mark ad as sold: you are not the owner
2026-05-10 15:47:26.002 INFO  [main] c.adboard.controller.AuthController - REST request to login: seller-sales@test.com
2026-05-10 15:47:26.299 INFO  [main] com.adboard.service.AuthService - User seller-sales@test.com successfully logged in
2026-05-10 15:47:26.301 INFO  [main] com.adboard.service.UserService - Profile data successfully retrieved for user: seller-sales@test.com
2026-05-10 15:47:26.305 INFO  [main] c.adboard.controller.AuthController - REST request to login: buyer-sales@test.com
2026-05-10 15:47:26.603 INFO  [main] com.adboard.service.AuthService - User buyer-sales@test.com successfully logged in
2026-05-10 15:47:26.606 INFO  [main] com.adboard.service.UserService - Profile data successfully retrieved for user: buyer-sales@test.com
2026-05-10 15:47:26.642 INFO  [main] com.adboard.security.JwtAuthFilter - User seller-sales@test.com successfully authenticated via JWT
2026-05-10 15:47:26.642 INFO  [main] com.adboard.controller.AdController - REST request to mark ad as sold: 4 by user: seller-sales@test.com
2026-05-10 15:47:26.659 INFO  [main] com.adboard.service.AdService - Ad marked as sold: id=4, by=seller-sales@test.com
2026-05-10 15:47:26.665 INFO  [main] com.adboard.security.JwtAuthFilter - User buyer-sales@test.com successfully authenticated via JWT
2026-05-10 15:47:26.667 INFO  [main] com.adboard.controller.AdController - REST request to search ads: page=0, size=10, keyword=null, categoryId=null
2026-05-10 15:47:26.725 INFO  [main] com.adboard.service.AdService - Search completed: found 1 ads (page 1/1) for filters: keyword=null, category=null
2026-05-10 15:47:28.190 DEBUG [main] com.adboard.service.MessageService - New conversation created: ad=10, users=2/1
2026-05-10 15:47:28.191 INFO  [main] com.adboard.service.MessageService - Message sent successfully: conversation=null, from=buyer@test.com, to=seller@test.com
2026-05-10 15:47:28.234 INFO  [main] com.adboard.service.MessageService - Message sent successfully: conversation=100, from=buyer@test.com, to=seller@test.com
2026-05-10 15:47:28.245 INFO  [main] com.adboard.service.MessageService - Successfully retrieved 1 messages for conversation: ad=10, withUser=1
2026-05-10 15:47:28.275 DEBUG [main] com.adboard.service.MessageService - New conversation created: ad=10, users=2/1
2026-05-10 15:47:28.276 INFO  [main] com.adboard.service.MessageService - Message sent successfully: conversation=null, from=buyer@test.com, to=seller@test.com
2026-05-10 15:47:28.471 INFO  [main] c.a.controller.MessageController - REST request to get chat history: ad=1, withUser=2, myUser=test@test.com
2026-05-10 15:47:28.527 INFO  [main] c.a.controller.MessageController - REST request to send message in ad: 1 to user: 2
2026-05-10 15:47:28.529 ERROR [main] c.a.exception.GlobalExceptionHandler - Business logic conflict: Cannot send messages: conversation is blocked
2026-05-10 15:47:28.571 INFO  [main] c.a.controller.MessageController - REST request to send message in ad: 1 to user: 2
2026-05-10 15:47:28.617 INFO  [main] c.a.controller.MessageController - REST request to send message in ad: 1 to user: 1
2026-05-10 15:47:28.618 ERROR [main] c.a.exception.GlobalExceptionHandler - Bad request: Cannot send a message to yourself
2026-05-10 15:47:28.650 ERROR [main] c.a.exception.GlobalExceptionHandler - Bad request: Required request parameter 'withUserId' for method parameter type Long is not present
2026-05-10 15:47:28.700 ERROR [main] c.a.exception.GlobalExceptionHandler - Bad request: Message content is required
2026-05-10 15:47:28.787 INFO  [main] c.a.controller.ReviewController - REST request to fetch reviews for seller: 999, page=0
2026-05-10 15:47:28.789 ERROR [main] c.a.exception.GlobalExceptionHandler - Resource not found: Seller not found
2026-05-10 15:47:28.821 ERROR [main] c.a.exception.GlobalExceptionHandler - Bad request: Rating is required
2026-05-10 15:47:28.842 INFO  [main] c.a.controller.ReviewController - REST request to fetch reviews for seller: 1, page=0
2026-05-10 15:47:28.871 INFO  [main] c.a.controller.ReviewController - REST request to add review for seller: 1 by user: test@test.com
2026-05-10 15:47:28.872 ERROR [main] c.a.exception.GlobalExceptionHandler - Bad request: Cannot leave a review for yourself
2026-05-10 15:47:28.901 INFO  [main] c.a.controller.ReviewController - REST request to add review for seller: 1 by user: test@test.com
2026-05-10 15:47:28.927 INFO  [main] c.a.controller.ReviewController - REST request to add review for seller: 1 by user: test@test.com
2026-05-10 15:47:28.928 ERROR [main] c.a.exception.GlobalExceptionHandler - Business logic conflict: You have already reviewed this seller
2026-05-10 15:47:29.036 INFO  [main] c.a.c.SalesHistoryController - REST request to get sales history for user: test@test.com, page=0
2026-05-10 15:47:29.067 ERROR [main] c.a.exception.GlobalExceptionHandler - Bad request: Failed to convert value of type 'java.lang.String' to required type 'int'; For input string: "fdsgsa"
2026-05-10 15:47:29.801 INFO  [main] c.adboard.controller.AuthController - REST request to login: seller@test.com
2026-05-10 15:47:30.099 INFO  [main] com.adboard.service.AuthService - User seller@test.com successfully logged in
2026-05-10 15:47:30.104 INFO  [main] com.adboard.service.UserService - Profile data successfully retrieved for user: seller@test.com
2026-05-10 15:47:30.108 INFO  [main] c.adboard.controller.AuthController - REST request to login: other@test.com
2026-05-10 15:47:30.405 INFO  [main] com.adboard.service.AuthService - User other@test.com successfully logged in
2026-05-10 15:47:30.430 INFO  [main] com.adboard.service.UserService - Profile data successfully retrieved for user: other@test.com
2026-05-10 15:47:30.458 INFO  [main] com.adboard.security.JwtAuthFilter - User seller@test.com successfully authenticated via JWT
2026-05-10 15:47:30.461 INFO  [main] com.adboard.controller.AdController - REST request to search ads: page=0, size=10, keyword=null, categoryId=null
2026-05-10 15:47:30.505 INFO  [main] com.adboard.service.AdService - Search completed: found 3 ads (page 1/1) for filters: keyword=null, category=null
2026-05-10 15:47:31.161 INFO  [main] c.adboard.controller.AuthController - REST request to login: seller@test.com
2026-05-10 15:47:31.457 INFO  [main] com.adboard.service.AuthService - User seller@test.com successfully logged in
2026-05-10 15:47:31.461 INFO  [main] com.adboard.service.UserService - Profile data successfully retrieved for user: seller@test.com
2026-05-10 15:47:31.464 INFO  [main] c.adboard.controller.AuthController - REST request to login: other@test.com
2026-05-10 15:47:31.759 INFO  [main] com.adboard.service.AuthService - User other@test.com successfully logged in
2026-05-10 15:47:31.764 INFO  [main] com.adboard.service.UserService - Profile data successfully retrieved for user: other@test.com
2026-05-10 15:47:31.787 INFO  [main] com.adboard.security.JwtAuthFilter - User seller@test.com successfully authenticated via JWT
2026-05-10 15:47:31.789 INFO  [main] c.a.controller.PromotionController - REST request to promote ad: 8 by user: seller@test.com
2026-05-10 15:47:31.803 INFO  [main] com.adboard.service.AdService - Ad 8 successfully promoted for user seller@test.com. Expires at: 2026-06-09T15:47:31.803887300
2026-05-10 15:47:32.434 INFO  [main] c.adboard.controller.AuthController - REST request to login: seller@test.com
2026-05-10 15:47:32.729 INFO  [main] com.adboard.service.AuthService - User seller@test.com successfully logged in
2026-05-10 15:47:32.732 INFO  [main] com.adboard.service.UserService - Profile data successfully retrieved for user: seller@test.com
2026-05-10 15:47:32.736 INFO  [main] c.adboard.controller.AuthController - REST request to login: other@test.com
2026-05-10 15:47:33.038 INFO  [main] com.adboard.service.AuthService - User other@test.com successfully logged in
2026-05-10 15:47:33.042 INFO  [main] com.adboard.service.UserService - Profile data successfully retrieved for user: other@test.com
2026-05-10 15:47:33.055 INFO  [main] com.adboard.security.JwtAuthFilter - User seller@test.com successfully authenticated via JWT
2026-05-10 15:47:33.055 INFO  [main] c.a.controller.PromotionController - REST request to promote ad: 9 by user: seller@test.com
2026-05-10 15:47:33.067 ERROR [main] c.a.exception.GlobalExceptionHandler - Business logic conflict: Ad is already promoted
2026-05-10 15:47:33.680 INFO  [main] c.adboard.controller.AuthController - REST request to login: seller@test.com
2026-05-10 15:47:33.973 INFO  [main] com.adboard.service.AuthService - User seller@test.com successfully logged in
2026-05-10 15:47:33.977 INFO  [main] com.adboard.service.UserService - Profile data successfully retrieved for user: seller@test.com
2026-05-10 15:47:33.984 INFO  [main] c.adboard.controller.AuthController - REST request to login: other@test.com
2026-05-10 15:47:34.279 INFO  [main] com.adboard.service.AuthService - User other@test.com successfully logged in
2026-05-10 15:47:34.284 INFO  [main] com.adboard.service.UserService - Profile data successfully retrieved for user: other@test.com
2026-05-10 15:47:34.303 INFO  [main] com.adboard.security.JwtAuthFilter - User other@test.com successfully authenticated via JWT
2026-05-10 15:47:34.304 INFO  [main] c.a.controller.PromotionController - REST request to promote ad: 10 by user: other@test.com
2026-05-10 15:47:34.319 ERROR [main] c.a.exception.GlobalExceptionHandler - Access denied: You don't own this ad
2026-05-10 15:47:34.444 ERROR [main] c.a.exception.GlobalExceptionHandler - Bad request: Password is required
2026-05-10 15:47:34.475 INFO  [main] c.adboard.controller.AuthController - REST request to register user: test@test.com
2026-05-10 15:47:34.476 ERROR [main] c.a.exception.GlobalExceptionHandler - Business logic conflict: Email already registered: test@test.com
2026-05-10 15:47:34.505 INFO  [main] c.adboard.controller.AuthController - REST request to login: test@test.com
2026-05-10 15:47:34.532 INFO  [main] c.adboard.controller.AuthController - REST request to login: test@test.com
2026-05-10 15:47:34.533 ERROR [main] c.a.exception.GlobalExceptionHandler - Authentication failed: Invalid email or password
2026-05-10 15:47:34.550 INFO  [main] c.adboard.controller.AuthController - REST request to register user: test@test.com
2026-05-10 15:47:34.640 INFO  [main] c.a.controller.CommentController - REST request to add comment to ad: 1 by user: test@test.com
2026-05-10 15:47:34.641 ERROR [main] c.a.exception.GlobalExceptionHandler - Bad request: Parent comment does not belong to this ad
2026-05-10 15:47:34.663 ERROR [main] c.a.exception.GlobalExceptionHandler - Bad request: Comment text is required
2026-05-10 15:47:34.683 INFO  [main] c.a.controller.CommentController - REST request to add comment to ad: 1 by user: test@test.com
2026-05-10 15:47:34.684 ERROR [main] c.a.exception.GlobalExceptionHandler - Resource not found: Comment not found
2026-05-10 15:47:34.706 INFO  [main] c.a.controller.CommentController - REST request to delete comment: 999 for ad: 1
2026-05-10 15:47:34.708 ERROR [main] c.a.exception.GlobalExceptionHandler - Resource not found: Comment not found
2026-05-10 15:47:34.727 INFO  [main] c.a.controller.CommentController - REST request to delete comment: 10 for ad: 1
2026-05-10 15:47:34.728 ERROR [main] c.a.exception.GlobalExceptionHandler - Bad request: Comment does not belong to this ad
2026-05-10 15:47:34.744 INFO  [main] c.a.controller.CommentController - REST request to fetch comments for ad: 1, page=0
2026-05-10 15:47:34.767 INFO  [main] c.a.controller.CommentController - REST request to add comment to ad: 1 by user: test@test.com
2026-05-10 15:47:34.782 INFO  [main] c.a.controller.CommentController - REST request to delete comment: 10 for ad: 1
2026-05-10 15:47:34.799 INFO  [main] c.a.controller.CommentController - REST request to fetch comments for ad: 999, page=0
2026-05-10 15:47:34.800 ERROR [main] c.a.exception.GlobalExceptionHandler - Resource not found: Ad not found
2026-05-10 15:47:34.818 INFO  [main] c.a.controller.CommentController - REST request to delete comment: 10 for ad: 1
2026-05-10 15:47:34.819 ERROR [main] c.a.exception.GlobalExceptionHandler - Access denied: Not your comment
2026-05-10 15:47:34.835 INFO  [main] c.a.controller.PromotionController - REST request to promote ad: 1 by user: test@test.com
2026-05-10 15:47:34.851 INFO  [main] c.a.controller.PromotionController - REST request to promote ad: 999 by user: test@test.com
2026-05-10 15:47:34.852 ERROR [main] c.a.exception.GlobalExceptionHandler - Resource not found: Ad not found
2026-05-10 15:47:34.864 INFO  [main] c.a.controller.PromotionController - REST request to promote ad: 1 by user: test@test.com
2026-05-10 15:47:34.865 ERROR [main] c.a.exception.GlobalExceptionHandler - Access denied: You don't own this ad
2026-05-10 15:47:34.876 INFO  [main] c.a.controller.PromotionController - REST request to promote ad: 1 by user: test@test.com
2026-05-10 15:47:34.877 ERROR [main] c.a.exception.GlobalExceptionHandler - Business logic conflict: Ad is already promoted
2026-05-10 15:47:34.927 INFO  [main] com.adboard.service.UserService - Profile data successfully retrieved for user: user@test.com
2026-05-10 15:47:34.941 INFO  [main] com.adboard.service.UserService - Profile updated successfully for user: user@test.com
2026-05-10 15:47:35.586 INFO  [main] c.adboard.controller.AuthController - REST request to login: commenter@test.com
2026-05-10 15:47:35.887 INFO  [main] com.adboard.service.AuthService - User commenter@test.com successfully logged in
2026-05-10 15:47:35.889 INFO  [main] com.adboard.service.UserService - Profile data successfully retrieved for user: commenter@test.com
2026-05-10 15:47:35.930 INFO  [main] com.adboard.security.JwtAuthFilter - User commenter@test.com successfully authenticated via JWT
2026-05-10 15:47:35.935 INFO  [main] c.a.controller.CommentController - REST request to add comment to ad: 11 by user: commenter@test.com
2026-05-10 15:47:35.957 INFO  [main] com.adboard.service.CommentService - Comment added successfully: id=7, ad=11, by=commenter@test.com
2026-05-10 15:47:35.970 INFO  [main] com.adboard.security.JwtAuthFilter - User commenter@test.com successfully authenticated via JWT
2026-05-10 15:47:35.972 INFO  [main] c.a.controller.CommentController - REST request to add comment to ad: 11 by user: commenter@test.com
2026-05-10 15:47:36.011 INFO  [main] com.adboard.service.CommentService - Comment added successfully: id=8, ad=11, by=commenter@test.com
2026-05-10 15:47:36.654 INFO  [main] c.adboard.controller.AuthController - REST request to login: commenter@test.com
2026-05-10 15:47:36.950 INFO  [main] com.adboard.service.AuthService - User commenter@test.com successfully logged in
2026-05-10 15:47:36.955 INFO  [main] com.adboard.service.UserService - Profile data successfully retrieved for user: commenter@test.com
2026-05-10 15:47:36.992 INFO  [main] com.adboard.security.JwtAuthFilter - User commenter@test.com successfully authenticated via JWT
2026-05-10 15:47:36.994 INFO  [main] c.a.controller.CommentController - REST request to add comment to ad: 12 by user: commenter@test.com
2026-05-10 15:47:37.011 INFO  [main] com.adboard.service.CommentService - Comment added successfully: id=15, ad=12, by=commenter@test.com
2026-05-10 15:47:37.618 INFO  [main] c.adboard.controller.AuthController - REST request to login: commenter@test.com
2026-05-10 15:47:37.918 INFO  [main] com.adboard.service.AuthService - User commenter@test.com successfully logged in
2026-05-10 15:47:37.921 INFO  [main] com.adboard.service.UserService - Profile data successfully retrieved for user: commenter@test.com
2026-05-10 15:47:37.955 INFO  [main] com.adboard.security.JwtAuthFilter - User commenter@test.com successfully authenticated via JWT
2026-05-10 15:47:37.956 INFO  [main] c.a.controller.CommentController - REST request to fetch comments for ad: 13, page=0
2026-05-10 15:47:37.974 INFO  [main] com.adboard.service.CommentService - Successfully retrieved 2 comments for ad 13 (page 1/1)
2026-05-10 15:47:38.595 INFO  [main] c.adboard.controller.AuthController - REST request to login: commenter@test.com
2026-05-10 15:47:38.891 INFO  [main] com.adboard.service.AuthService - User commenter@test.com successfully logged in
2026-05-10 15:47:38.894 INFO  [main] com.adboard.service.UserService - Profile data successfully retrieved for user: commenter@test.com
2026-05-10 15:47:38.934 INFO  [main] com.adboard.security.JwtAuthFilter - User commenter@test.com successfully authenticated via JWT
2026-05-10 15:47:38.936 INFO  [main] c.a.controller.CommentController - REST request to add comment to ad: 14 by user: commenter@test.com
2026-05-10 15:47:38.956 INFO  [main] com.adboard.service.CommentService - Comment added successfully: id=28, ad=14, by=commenter@test.com
2026-05-10 15:47:38.963 INFO  [main] com.adboard.security.JwtAuthFilter - User commenter@test.com successfully authenticated via JWT
2026-05-10 15:47:38.964 INFO  [main] c.a.controller.CommentController - REST request to delete comment: 28 for ad: 14
2026-05-10 15:47:38.975 INFO  [main] com.adboard.service.CommentService - Comment deleted successfully: id=28, ad=14
2026-05-10 15:47:38.998 INFO  [main] com.adboard.security.JwtAuthFilter - User commenter@test.com successfully authenticated via JWT
2026-05-10 15:47:38.999 INFO  [main] c.a.controller.CommentController - REST request to fetch comments for ad: 14, page=0
2026-05-10 15:47:39.007 INFO  [main] com.adboard.service.CommentService - Successfully retrieved 2 comments for ad 14 (page 1/1)
2026-05-10 15:47:39.629 INFO  [main] c.adboard.controller.AuthController - REST request to login: buyer@test.com
2026-05-10 15:47:39.923 INFO  [main] com.adboard.service.AuthService - User buyer@test.com successfully logged in
2026-05-10 15:47:39.927 INFO  [main] com.adboard.service.UserService - Profile data successfully retrieved for user: buyer@test.com
2026-05-10 15:47:40.247 INFO  [main] com.adboard.security.JwtAuthFilter - User buyer@test.com successfully authenticated via JWT
2026-05-10 15:47:40.249 INFO  [main] c.a.controller.MessageController - REST request to get chat history: ad=15, withUser=26, myUser=buyer@test.com
2026-05-10 15:47:40.343 INFO  [main] com.adboard.service.MessageService - Successfully retrieved 3 messages for conversation: ad=15, withUser=26
2026-05-10 15:47:40.354 INFO  [main] com.adboard.security.JwtAuthFilter - User buyer@test.com successfully authenticated via JWT
2026-05-10 15:47:40.355 INFO  [main] c.a.controller.MessageController - REST request to get chat history: ad=15, withUser=26, myUser=buyer@test.com
2026-05-10 15:47:40.379 INFO  [main] com.adboard.service.MessageService - Successfully retrieved 2 messages for conversation: ad=15, withUser=26
2026-05-10 15:47:41.013 INFO  [main] c.adboard.controller.AuthController - REST request to login: buyer@test.com
2026-05-10 15:47:41.302 INFO  [main] com.adboard.service.AuthService - User buyer@test.com successfully logged in
2026-05-10 15:47:41.306 INFO  [main] com.adboard.service.UserService - Profile data successfully retrieved for user: buyer@test.com
2026-05-10 15:47:41.321 INFO  [main] com.adboard.security.JwtAuthFilter - User buyer@test.com successfully authenticated via JWT
2026-05-10 15:47:41.325 INFO  [main] c.a.controller.MessageController - REST request to send message in ad: 16 to user: null
2026-05-10 15:47:41.351 DEBUG [main] com.adboard.service.MessageService - New conversation created: ad=16, users=29/28
2026-05-10 15:47:41.355 INFO  [main] com.adboard.service.MessageService - Message sent successfully: conversation=2, from=buyer@test.com, to=seller@test.com
2026-05-10 15:47:41.367 INFO  [main] com.adboard.security.JwtAuthFilter - User buyer@test.com successfully authenticated via JWT
2026-05-10 15:47:41.369 INFO  [main] c.a.controller.MessageController - REST request to send message in ad: 16 to user: null
2026-05-10 15:47:41.382 INFO  [main] com.adboard.service.MessageService - Message sent successfully: conversation=2, from=buyer@test.com, to=seller@test.com
2026-05-10 15:47:42.004 INFO  [main] c.adboard.controller.AuthController - REST request to login: buyer@test.com
2026-05-10 15:47:42.292 INFO  [main] com.adboard.service.AuthService - User buyer@test.com successfully logged in
2026-05-10 15:47:42.296 INFO  [main] com.adboard.service.UserService - Profile data successfully retrieved for user: buyer@test.com
2026-05-10 15:47:42.308 INFO  [main] com.adboard.security.JwtAuthFilter - User buyer@test.com successfully authenticated via JWT
2026-05-10 15:47:42.310 INFO  [main] c.a.controller.MessageController - REST request to send message in ad: 17 to user: null
2026-05-10 15:47:42.332 DEBUG [main] com.adboard.service.MessageService - New conversation created: ad=17, users=31/30
2026-05-10 15:47:42.336 INFO  [main] com.adboard.service.MessageService - Message sent successfully: conversation=3, from=buyer@test.com, to=seller@test.com
2026-05-10 15:47:42.447 INFO  [main] com.adboard.service.CommentService - Comment added successfully: id=100, ad=1, by=user@test.com
2026-05-10 15:47:42.452 INFO  [main] com.adboard.service.CommentService - Comment added successfully: id=100, ad=1, by=user@test.com
2026-05-10 15:47:42.470 INFO  [main] com.adboard.service.CommentService - Successfully retrieved 2 comments for ad 1 (page 1/1)
2026-05-10 15:47:42.476 INFO  [main] com.adboard.service.CommentService - Comment deleted successfully: id=100, ad=1
2026-05-10 15:47:42.786 INFO  [main] c.adboard.controller.AuthController - REST request to login: seller@test.com
2026-05-10 15:47:43.084 INFO  [main] com.adboard.service.AuthService - User seller@test.com successfully logged in
2026-05-10 15:47:43.086 INFO  [main] com.adboard.service.UserService - Profile data successfully retrieved for user: seller@test.com
2026-05-10 15:47:43.157 INFO  [main] com.adboard.security.JwtAuthFilter - User seller@test.com successfully authenticated via JWT
2026-05-10 15:47:43.158 INFO  [main] com.adboard.controller.AdController - REST request to search ads: page=0, size=10, keyword=iPhone, categoryId=null
2026-05-10 15:47:43.221 INFO  [main] com.adboard.service.AdService - Search completed: found 2 ads (page 1/1) for filters: keyword=iPhone, category=null
2026-05-10 15:47:43.520 INFO  [main] c.adboard.controller.AuthController - REST request to login: seller@test.com
2026-05-10 15:47:43.816 INFO  [main] com.adboard.service.AuthService - User seller@test.com successfully logged in
2026-05-10 15:47:43.819 INFO  [main] com.adboard.service.UserService - Profile data successfully retrieved for user: seller@test.com
2026-05-10 15:47:43.885 INFO  [main] com.adboard.security.JwtAuthFilter - User seller@test.com successfully authenticated via JWT
2026-05-10 15:47:43.886 INFO  [main] com.adboard.controller.AdController - REST request to search ads: page=0, size=10, keyword=null, categoryId=1
2026-05-10 15:47:43.934 INFO  [main] com.adboard.service.AdService - Search completed: found 3 ads (page 1/1) for filters: keyword=null, category=1
2026-05-10 15:47:44.246 INFO  [main] c.adboard.controller.AuthController - REST request to login: seller@test.com
2026-05-10 15:47:44.544 INFO  [main] com.adboard.service.AuthService - User seller@test.com successfully logged in
2026-05-10 15:47:44.547 INFO  [main] com.adboard.service.UserService - Profile data successfully retrieved for user: seller@test.com
2026-05-10 15:47:44.610 INFO  [main] com.adboard.security.JwtAuthFilter - User seller@test.com successfully authenticated via JWT
2026-05-10 15:47:44.611 INFO  [main] com.adboard.controller.AdController - REST request to search ads: page=0, size=5, keyword=null, categoryId=null
2026-05-10 15:47:44.657 INFO  [main] com.adboard.service.AdService - Search completed: found 5 ads (page 1/3) for filters: keyword=null, category=null
2026-05-10 15:47:44.974 INFO  [main] c.adboard.controller.AuthController - REST request to login: self@test.com
2026-05-10 15:47:45.274 INFO  [main] com.adboard.service.AuthService - User self@test.com successfully logged in
2026-05-10 15:47:45.279 INFO  [main] com.adboard.service.UserService - Profile data successfully retrieved for user: self@test.com
2026-05-10 15:47:45.287 INFO  [main] com.adboard.security.JwtAuthFilter - User self@test.com successfully authenticated via JWT
2026-05-10 15:47:45.299 INFO  [main] c.a.controller.ReviewController - REST request to add review for seller: 35 by user: self@test.com
2026-05-10 15:47:45.308 ERROR [main] c.a.exception.GlobalExceptionHandler - Bad request: Cannot leave a review for yourself
2026-05-10 15:47:45.953 INFO  [main] c.adboard.controller.AuthController - REST request to login: reviewer@test.com
2026-05-10 15:47:46.256 INFO  [main] com.adboard.service.AuthService - User reviewer@test.com successfully logged in
2026-05-10 15:47:46.259 INFO  [main] com.adboard.service.UserService - Profile data successfully retrieved for user: reviewer@test.com
2026-05-10 15:47:46.266 INFO  [main] com.adboard.security.JwtAuthFilter - User reviewer@test.com successfully authenticated via JWT
2026-05-10 15:47:46.268 INFO  [main] c.a.controller.ReviewController - REST request to add review for seller: 36 by user: reviewer@test.com
2026-05-10 15:47:46.288 INFO  [main] com.adboard.service.ReviewService - Review added successfully: sellerId=36, reviewer=reviewer@test.com, rating=4
2026-05-10 15:47:47.569 INFO  [main] c.adboard.controller.AuthController - REST request to login: rev1@test.com
2026-05-10 15:47:47.862 INFO  [main] com.adboard.service.AuthService - User rev1@test.com successfully logged in
2026-05-10 15:47:47.866 INFO  [main] com.adboard.service.UserService - Profile data successfully retrieved for user: rev1@test.com
2026-05-10 15:47:47.874 INFO  [main] com.adboard.security.JwtAuthFilter - User rev1@test.com successfully authenticated via JWT
2026-05-10 15:47:47.876 INFO  [main] c.a.controller.ReviewController - REST request to add review for seller: 38 by user: rev1@test.com
2026-05-10 15:47:47.891 INFO  [main] com.adboard.service.ReviewService - Review added successfully: sellerId=38, reviewer=rev1@test.com, rating=5
2026-05-10 15:47:47.896 INFO  [main] c.adboard.controller.AuthController - REST request to login: rev2@test.com
2026-05-10 15:47:48.194 INFO  [main] com.adboard.service.AuthService - User rev2@test.com successfully logged in
2026-05-10 15:47:48.199 INFO  [main] com.adboard.service.UserService - Profile data successfully retrieved for user: rev2@test.com
2026-05-10 15:47:48.207 INFO  [main] com.adboard.security.JwtAuthFilter - User rev2@test.com successfully authenticated via JWT
2026-05-10 15:47:48.209 INFO  [main] c.a.controller.ReviewController - REST request to add review for seller: 38 by user: rev2@test.com
2026-05-10 15:47:48.223 INFO  [main] com.adboard.service.ReviewService - Review added successfully: sellerId=38, reviewer=rev2@test.com, rating=5
2026-05-10 15:47:48.226 INFO  [main] c.adboard.controller.AuthController - REST request to login: rev1@test.com
2026-05-10 15:47:48.525 INFO  [main] com.adboard.service.AuthService - User rev1@test.com successfully logged in
2026-05-10 15:47:48.529 INFO  [main] com.adboard.service.UserService - Profile data successfully retrieved for user: rev1@test.com
2026-05-10 15:47:48.540 INFO  [main] com.adboard.security.JwtAuthFilter - User rev1@test.com successfully authenticated via JWT
2026-05-10 15:47:48.543 INFO  [main] c.a.controller.ReviewController - REST request to add review for seller: 39 by user: rev1@test.com
2026-05-10 15:47:48.559 INFO  [main] com.adboard.service.ReviewService - Review added successfully: sellerId=39, reviewer=rev1@test.com, rating=1
2026-05-10 15:47:48.563 INFO  [main] c.adboard.controller.AuthController - REST request to login: rev2@test.com
2026-05-10 15:47:48.852 INFO  [main] com.adboard.service.AuthService - User rev2@test.com successfully logged in
2026-05-10 15:47:48.857 INFO  [main] com.adboard.service.UserService - Profile data successfully retrieved for user: rev2@test.com
2026-05-10 15:47:48.862 INFO  [main] com.adboard.security.JwtAuthFilter - User rev2@test.com successfully authenticated via JWT
2026-05-10 15:47:48.863 INFO  [main] c.a.controller.ReviewController - REST request to add review for seller: 39 by user: rev2@test.com
2026-05-10 15:47:48.873 INFO  [main] com.adboard.service.ReviewService - Review added successfully: sellerId=39, reviewer=rev2@test.com, rating=1
2026-05-10 15:47:48.875 INFO  [main] c.adboard.controller.AuthController - REST request to login: rev1@test.com
2026-05-10 15:47:49.175 INFO  [main] com.adboard.service.AuthService - User rev1@test.com successfully logged in
2026-05-10 15:47:49.178 INFO  [main] com.adboard.service.UserService - Profile data successfully retrieved for user: rev1@test.com
2026-05-10 15:47:49.185 INFO  [main] com.adboard.security.JwtAuthFilter - User rev1@test.com successfully authenticated via JWT
2026-05-10 15:47:49.186 INFO  [main] com.adboard.controller.AdController - REST request to search ads: page=0, size=10, keyword=null, categoryId=null
2026-05-10 15:47:49.209 INFO  [main] com.adboard.service.AdService - Search completed: found 2 ads (page 1/1) for filters: keyword=null, category=null
2026-05-10 15:47:49.815 INFO  [main] c.adboard.controller.AuthController - REST request to login: dup-rev@test.com
2026-05-10 15:47:50.117 INFO  [main] com.adboard.service.AuthService - User dup-rev@test.com successfully logged in
2026-05-10 15:47:50.120 INFO  [main] com.adboard.service.UserService - Profile data successfully retrieved for user: dup-rev@test.com
2026-05-10 15:47:50.126 INFO  [main] com.adboard.security.JwtAuthFilter - User dup-rev@test.com successfully authenticated via JWT
2026-05-10 15:47:50.127 INFO  [main] c.a.controller.ReviewController - REST request to add review for seller: 42 by user: dup-rev@test.com
2026-05-10 15:47:50.137 INFO  [main] com.adboard.service.ReviewService - Review added successfully: sellerId=42, reviewer=dup-rev@test.com, rating=5
2026-05-10 15:47:50.143 INFO  [main] com.adboard.security.JwtAuthFilter - User dup-rev@test.com successfully authenticated via JWT
2026-05-10 15:47:50.144 INFO  [main] c.a.controller.ReviewController - REST request to add review for seller: 42 by user: dup-rev@test.com
2026-05-10 15:47:50.151 ERROR [main] c.a.exception.GlobalExceptionHandler - Business logic conflict: You have already reviewed this seller
2026-05-10 15:47:50.227 ERROR [main] c.a.exception.GlobalExceptionHandler - Bad request: Phone is required
2026-05-10 15:47:50.254 INFO  [main] c.adboard.controller.UserController - REST request to update profile for user: test@test.com
2026-05-10 15:47:50.279 INFO  [main] c.adboard.controller.UserController - REST request to get profile for user: test@test.com
2026-05-10 15:47:50.279 ERROR [main] c.a.exception.GlobalExceptionHandler - Resource not found: User not found
2026-05-10 15:47:50.294 INFO  [main] c.adboard.controller.UserController - REST request to get profile for user: test@test.com
2026-05-10 15:47:50.311 INFO  [main] c.adboard.controller.UserController - REST request to update profile for user: test@test.com
2026-05-10 15:47:50.313 ERROR [main] c.a.exception.GlobalExceptionHandler - Resource not found: User not found
2026-05-10 15:47:50.418 INFO  [main] com.adboard.service.AdService - Ad 10 successfully promoted for user seller@test.com. Expires at: 2026-06-09T15:47:50.418017200
2026-05-10 15:47:50.432 INFO  [main] com.adboard.service.AdService - Search completed: found 1 ads (page 1/1) for filters: keyword=iphone, category=null
2026-05-10 15:47:50.437 INFO  [main] com.adboard.service.AdService - Ad deleted successfully: id=10, by=seller@test.com
2026-05-10 15:47:50.446 INFO  [main] com.adboard.service.AdService - Search completed: found 1 ads (page 1/3) for filters: keyword=null, category=null
2026-05-10 15:47:50.452 INFO  [main] com.adboard.service.AdService - Successfully retrieved sales history for user seller@test.com: 1 ads (page 1/1)
2026-05-10 15:47:50.469 INFO  [main] com.adboard.service.AdService - Ad published by admin null: id=10
2026-05-10 15:47:50.489 INFO  [main] com.adboard.service.AdService - Search completed: found 1 ads (page 1/1) for filters: keyword=null, category=null
2026-05-10 15:47:51.116 INFO  [main] c.adboard.controller.AuthController - REST request to login: seller@test.com
2026-05-10 15:47:51.418 INFO  [main] com.adboard.service.AuthService - User seller@test.com successfully logged in
2026-05-10 15:47:51.421 INFO  [main] com.adboard.service.UserService - Profile data successfully retrieved for user: seller@test.com
2026-05-10 15:47:51.424 INFO  [main] c.adboard.controller.AuthController - REST request to login: admin@test.com
2026-05-10 15:47:51.715 INFO  [main] com.adboard.service.AuthService - User admin@test.com successfully logged in
2026-05-10 15:47:51.719 INFO  [main] com.adboard.service.UserService - Profile data successfully retrieved for user: admin@test.com
2026-05-10 15:47:51.732 INFO  [main] com.adboard.security.JwtAuthFilter - User seller@test.com successfully authenticated via JWT
2026-05-10 15:47:51.740 INFO  [main] com.adboard.controller.AdController - REST request to create ad by user: seller@test.com
2026-05-10 15:47:51.750 INFO  [main] com.adboard.service.AdService - Ad created successfully: id=65, seller=seller@test.com
2026-05-10 15:47:51.756 INFO  [main] com.adboard.security.JwtAuthFilter - User seller@test.com successfully authenticated via JWT
2026-05-10 15:47:51.760 INFO  [main] com.adboard.controller.AdController - REST request to update ad: id=65, user=seller@test.com
2026-05-10 15:47:51.763 INFO  [main] com.adboard.service.AdService - Ad updated successfully: id=65, by=seller@test.com
2026-05-10 15:47:52.382 INFO  [main] c.adboard.controller.AuthController - REST request to login: seller@test.com
2026-05-10 15:47:52.677 INFO  [main] com.adboard.service.AuthService - User seller@test.com successfully logged in
2026-05-10 15:47:52.679 INFO  [main] com.adboard.service.UserService - Profile data successfully retrieved for user: seller@test.com
2026-05-10 15:47:52.682 INFO  [main] c.adboard.controller.AuthController - REST request to login: admin@test.com
2026-05-10 15:47:52.979 INFO  [main] com.adboard.service.AuthService - User admin@test.com successfully logged in
2026-05-10 15:47:52.982 INFO  [main] com.adboard.service.UserService - Profile data successfully retrieved for user: admin@test.com
2026-05-10 15:47:52.989 INFO  [main] com.adboard.security.JwtAuthFilter - User seller@test.com successfully authenticated via JWT
2026-05-10 15:47:52.990 INFO  [main] com.adboard.controller.AdController - REST request to create ad by user: seller@test.com
2026-05-10 15:47:52.998 INFO  [main] com.adboard.service.AdService - Ad created successfully: id=66, seller=seller@test.com
2026-05-10 15:47:53.003 INFO  [main] com.adboard.security.JwtAuthFilter - User seller@test.com successfully authenticated via JWT
2026-05-10 15:47:53.004 INFO  [main] com.adboard.controller.AdController - REST request to delete ad: id=66, user=seller@test.com
2026-05-10 15:47:53.007 INFO  [main] com.adboard.service.AdService - Ad deleted successfully: id=66, by=seller@test.com
2026-05-10 15:47:53.021 INFO  [main] com.adboard.security.JwtAuthFilter - User seller@test.com successfully authenticated via JWT
2026-05-10 15:47:53.022 INFO  [main] com.adboard.controller.AdController - REST request to search ads: page=0, size=10, keyword=Удаляемый, categoryId=null
2026-05-10 15:47:53.032 INFO  [main] com.adboard.service.AdService - Search completed: found 0 ads (page 1/0) for filters: keyword=Удаляемый, category=null
2026-05-10 15:47:53.643 INFO  [main] c.adboard.controller.AuthController - REST request to login: seller@test.com
2026-05-10 15:47:53.937 INFO  [main] com.adboard.service.AuthService - User seller@test.com successfully logged in
2026-05-10 15:47:53.939 INFO  [main] com.adboard.service.UserService - Profile data successfully retrieved for user: seller@test.com
2026-05-10 15:47:53.943 INFO  [main] c.adboard.controller.AuthController - REST request to login: admin@test.com
2026-05-10 15:47:54.259 INFO  [main] com.adboard.service.AuthService - User admin@test.com successfully logged in
2026-05-10 15:47:54.261 INFO  [main] com.adboard.service.UserService - Profile data successfully retrieved for user: admin@test.com
2026-05-10 15:47:54.268 INFO  [main] com.adboard.security.JwtAuthFilter - User seller@test.com successfully authenticated via JWT
2026-05-10 15:47:54.269 INFO  [main] com.adboard.controller.AdController - REST request to create ad by user: seller@test.com
2026-05-10 15:47:54.277 INFO  [main] com.adboard.service.AdService - Ad created successfully: id=67, seller=seller@test.com
2026-05-10 15:47:54.281 INFO  [main] com.adboard.security.JwtAuthFilter - User admin@test.com successfully authenticated via JWT
2026-05-10 15:47:54.298 INFO  [main] com.adboard.controller.AdController - REST request to publish ad: 67 by admin: admin@test.com
2026-05-10 15:47:54.302 INFO  [main] com.adboard.service.AdService - Ad published by admin admin@test.com: id=67
2026-05-10 15:47:54.327 INFO  [main] com.adboard.security.JwtAuthFilter - User seller@test.com successfully authenticated via JWT
2026-05-10 15:47:54.330 INFO  [main] com.adboard.controller.AdController - REST request to search ads: page=0, size=10, keyword=модерацию, categoryId=null
2026-05-10 15:47:54.342 INFO  [main] com.adboard.service.AdService - Search completed: found 1 ads (page 1/1) for filters: keyword=модерацию, category=null
2026-05-10 15:47:55.022 INFO  [main] c.adboard.controller.AuthController - REST request to login: seller@test.com
2026-05-10 15:47:55.310 INFO  [main] com.adboard.service.AuthService - User seller@test.com successfully logged in
2026-05-10 15:47:55.312 INFO  [main] com.adboard.service.UserService - Profile data successfully retrieved for user: seller@test.com
2026-05-10 15:47:55.315 INFO  [main] c.adboard.controller.AuthController - REST request to login: admin@test.com
2026-05-10 15:47:55.612 INFO  [main] com.adboard.service.AuthService - User admin@test.com successfully logged in
2026-05-10 15:47:55.615 INFO  [main] com.adboard.service.UserService - Profile data successfully retrieved for user: admin@test.com
2026-05-10 15:47:55.623 INFO  [main] com.adboard.security.JwtAuthFilter - User seller@test.com successfully authenticated via JWT
2026-05-10 15:47:55.624 INFO  [main] com.adboard.controller.AdController - REST request to create ad by user: seller@test.com
2026-05-10 15:47:55.633 INFO  [main] com.adboard.service.AdService - Ad created successfully: id=68, seller=seller@test.com
2026-05-10 15:47:55.946 INFO  [main] c.adboard.controller.AuthController - REST request to login: profile@test.com
2026-05-10 15:47:56.235 INFO  [main] com.adboard.service.AuthService - User profile@test.com successfully logged in
2026-05-10 15:47:56.238 INFO  [main] com.adboard.service.UserService - Profile data successfully retrieved for user: profile@test.com
2026-05-10 15:47:56.244 INFO  [main] com.adboard.security.JwtAuthFilter - User profile@test.com successfully authenticated via JWT
2026-05-10 15:47:56.245 INFO  [main] c.adboard.controller.UserController - REST request to get profile for user: profile@test.com
2026-05-10 15:47:56.247 INFO  [main] com.adboard.service.UserService - Profile data successfully retrieved for user: profile@test.com
2026-05-10 15:47:56.545 INFO  [main] c.adboard.controller.AuthController - REST request to login: profile@test.com
2026-05-10 15:47:56.842 INFO  [main] com.adboard.service.AuthService - User profile@test.com successfully logged in
2026-05-10 15:47:56.845 INFO  [main] com.adboard.service.UserService - Profile data successfully retrieved for user: profile@test.com
2026-05-10 15:47:56.847 ERROR [main] c.a.exception.GlobalExceptionHandler - Authentication failed: Full authentication is required to access this resource
2026-05-10 15:47:57.163 INFO  [main] c.adboard.controller.AuthController - REST request to login: profile@test.com
2026-05-10 15:47:57.458 INFO  [main] com.adboard.service.AuthService - User profile@test.com successfully logged in
2026-05-10 15:47:57.461 INFO  [main] com.adboard.service.UserService - Profile data successfully retrieved for user: profile@test.com
2026-05-10 15:47:57.468 INFO  [main] com.adboard.security.JwtAuthFilter - User profile@test.com successfully authenticated via JWT
2026-05-10 15:47:57.472 INFO  [main] c.adboard.controller.UserController - REST request to update profile for user: profile@test.com
2026-05-10 15:47:57.488 INFO  [main] com.adboard.service.UserService - Profile updated successfully for user: profile@test.com
2026-05-10 15:47:57.810 INFO  [main] c.adboard.controller.AuthController - REST request to login: profile@test.com
2026-05-10 15:47:58.100 INFO  [main] com.adboard.service.AuthService - User profile@test.com successfully logged in
2026-05-10 15:47:58.102 INFO  [main] com.adboard.service.UserService - Profile data successfully retrieved for user: profile@test.com
2026-05-10 15:47:58.108 INFO  [main] com.adboard.security.JwtAuthFilter - User profile@test.com successfully authenticated via JWT
2026-05-10 15:47:58.110 ERROR [main] c.a.exception.GlobalExceptionHandler - Bad request: Username is required
2026-05-10 15:47:58.237 INFO  [main] com.adboard.service.ReviewService - Review added successfully: sellerId=1, reviewer=reviewer@test.com, rating=5
2026-05-10 15:47:58.247 INFO  [main] com.adboard.service.ReviewService - Successfully retrieved 1 reviews for seller 1 (page 1/2)
2026-05-10 15:47:58.254 INFO  [main] com.adboard.service.ReviewService - Successfully retrieved 0 reviews for seller 1 (page 1/0)
2026-05-10 15:47:58.459 INFO  [main] com.adboard.service.AuthService - User registered: id=null, email=test@mail.com
2026-05-10 15:47:58.468 INFO  [main] com.adboard.service.AuthService - User test@mail.com successfully logged in
2026-05-10 15:47:58.473 INFO  [main] com.adboard.service.AuthService - User registered: id=null, email=test@mail.com
2026-05-10 15:47:58.487 INFO  [main] com.adboard.service.AuthService - User registered: id=null, email=test@mail.com
2026-05-10 15:47:58.500 INFO  [main] com.adboard.controller.AdController - REST request to get ad by id: 999
2026-05-10 15:47:58.501 ERROR [main] c.a.exception.GlobalExceptionHandler - Resource not found: Ad not found
2026-05-10 15:47:58.516 INFO  [main] com.adboard.controller.AdController - REST request to search ads: page=0, size=10, keyword=iPhone, categoryId=5
2026-05-10 15:47:58.530 INFO  [main] com.adboard.controller.AdController - REST request to get ad by id: 1
2026-05-10 15:47:58.546 INFO  [main] com.adboard.controller.AdController - REST request to publish ad: 1 by admin: test@test.com
2026-05-10 15:47:58.564 INFO  [main] com.adboard.controller.AdController - REST request to update ad: id=999, user=test@test.com
2026-05-10 15:47:58.565 ERROR [main] c.a.exception.GlobalExceptionHandler - Resource not found: Ad not found
2026-05-10 15:47:58.584 INFO  [main] com.adboard.controller.AdController - REST request to create ad by user: test@test.com
2026-05-10 15:47:58.585 ERROR [main] c.a.exception.GlobalExceptionHandler - Resource not found: Category not found
2026-05-10 15:47:58.602 INFO  [main] com.adboard.controller.AdController - REST request to create ad by user: test@test.com
2026-05-10 15:47:58.620 INFO  [main] com.adboard.controller.AdController - REST request to update ad: id=1, user=null
2026-05-10 15:47:58.621 ERROR [main] c.a.exception.GlobalExceptionHandler - Access denied: Cannot edit ad: you are not the owner
2026-05-10 15:47:58.635 INFO  [main] com.adboard.controller.AdController - REST request to delete ad: id=1, user=test@test.com
2026-05-10 15:47:58.650 INFO  [main] com.adboard.controller.AdController - REST request to update ad: id=1, user=null
2026-05-10 15:47:58.651 ERROR [main] c.a.exception.GlobalExceptionHandler - Business logic conflict: Cannot edit ad with status: SOLD
2026-05-10 15:47:58.668 INFO  [main] com.adboard.controller.AdController - REST request to update ad: id=1, user=test@test.com
